{"stats":{"minecraft:killed_by":{"minecraft:player":1},"minecraft:mined":{"minecraft:tuff":1,"minecraft:deepslate_diamond_ore":3,"minecraft:crafting_table":3,"minecraft:granite":4,"minecraft:short_grass":5,"minecraft:grass_block":6,"minecraft:calcite":1,"minecraft:copper_ore":4,"minecraft:spruce_leaves":1,"minecraft:lapis_ore":1,"minecraft:deepslate_gold_ore":2,"minecraft:diorite":4,"minecraft:wall_torch":3,"minecraft:amethyst_block":1,"supplementaries:urn":1,"minecraft:large_fern":1,"minecraft:furnace":2,"minecraft:iron_ore":7,"minecraft:sweet_berry_bush":1,"minecraft:spruce_log":18,"minecraft:andesite":36,"minecraft:light_gray_wool":2,"minecraft:stone_brick_stairs":1,"minecraft:oak_log":6,"minecraft:coal_ore":16,"minecraft:deepslate_iron_ore":20,"minecraft:gravel":6,"minecraft:dirt":13,"minecraft:stone":286,"minecraft:oak_leaves":3,"minecraft:deepslate":71},"minecraft:picked_up":{"minecraft:crafting_table":3,"minecraft:andesite":65,"minecraft:leather":4,"minecraft:red_mushroom":1,"minecraft:oak_log":6,"minecraft:dirt":19,"minecraft:lapis_lazuli":9,"minecraft:string":2,"minecraft:raw_copper":10,"minecraft:bone":3,"minecraft:wheat_seeds":2,"minecraft:cobbled_deepslate":68,"minecraft:raw_gold":2,"minecraft:iron_ingot":5,"minecraft:beef":4,"minecraft:poppy":1,"minecraft:light_gray_wool":4,"minecraft:furnace":2,"minecraft:raw_iron":25,"minecraft:sweet_berries":2,"minecraft:torch":2,"minecraft:gravel":6,"minecraft:diorite":4,"minecraft:spruce_log":16,"minecraft:arrow":3,"minecraft:rotten_flesh":1,"minecraft:diamond":3,"minecraft:granite":4,"minecraft:mutton":5,"minecraft:coal":15,"minecraft:white_wool":1,"minecraft:cobblestone":285},"minecraft:killed":{"minecraft:spider":1,"minecraft:iron_golem":1,"minecraft:creeper":1,"minecraft:sheep":3,"minecraft:skeleton":2,"minecraft:zombie":2,"minecraft:cow":2},"minecraft:broken":{"minecraft:stone_pickaxe":1,"minecraft:iron_pickaxe":1},"minecraft:crafted":{"minecraft:cooked_beef":4,"minecraft:oak_planks":24,"variantvanillablocks:spruce_crafting_table":2,"minecraft:crafting_table":2,"minecraft:spruce_planks":64,"minecraft:wooden_pickaxe":1,"minecraft:iron_helmet":1,"minecraft:iron_sword":1,"minecraft:furnace":2,"minecraft:stone_axe":1,"minecraft:cooked_mutton":5,"minecraft:air":0,"minecraft:shield":1,"minecraft:stick":24,"minecraft:iron_ingot":12,"minecraft:iron_pickaxe":2,"minecraft:stone_pickaxe":2,"minecraft:torch":40},"minecraft:dropped":{"minecraft:wheat_seeds":2,"minecraft:red_mushroom":1,"minecraft:dirt":7},"minecraft:custom":{"minecraft:interact_with_furnace":32,"minecraft:mob_kills":12,"minecraft:interact_with_crafting_table":17,"minecraft:leave_game":3,"minecraft:time_since_death":45177,"minecraft:time_since_rest":45214,"minecraft:sprint_one_cm":176452,"minecraft:damage_taken":884,"minecraft:walk_one_cm":147371,"minecraft:damage_blocked_by_shield":70,"minecraft:drop":3,"minecraft:damage_dealt":2844,"minecraft:fly_one_cm":168701,"minecraft:open_chest":1,"minecraft:crouch_one_cm":3722,"minecraft:play_time":50287,"minecraft:deaths":1,"minecraft:sneak_time":1299,"minecraft:jump":965,"minecraft:walk_on_water_one_cm":1026,"minecraft:total_world_time":50287,"minecraft:fall_one_cm":18255},"minecraft:used":{"minecraft:cooked_mutton":5,"minecraft:stone_pickaxe":171,"minecraft:wooden_pickaxe":11,"minecraft:shield":1,"minecraft:iron_sword":15,"minecraft:torch":42,"minecraft:dirt":12,"minecraft:crafting_table":5,"minecraft:granite":2,"variantvanillablocks:spruce_crafting_table":1,"minecraft:bread":2,"minecraft:iron_pickaxe":305,"minecraft:stone_axe":45,"minecraft:light_gray_wool":4,"minecraft:furnace":4,"minecraft:andesite":7,"minecraft:cooked_beef":4,"minecraft:potato":1}},"DataVersion":3955}