{"stats":{"minecraft:custom":{"minecraft:interact_with_furnace":24,"minecraft:mob_kills":10,"minecraft:interact_with_crafting_table":14,"minecraft:leave_game":1,"minecraft:time_since_death":29163,"minecraft:time_since_rest":29200,"minecraft:sprint_one_cm":138952,"minecraft:damage_taken":639,"minecraft:walk_one_cm":96134,"minecraft:damage_blocked_by_shield":70,"minecraft:damage_dealt":2445,"minecraft:fly_one_cm":147570,"minecraft:open_chest":1,"minecraft:crouch_one_cm":794,"minecraft:play_time":34273,"minecraft:deaths":1,"minecraft:sneak_time":683,"minecraft:jump":725,"minecraft:walk_on_water_one_cm":1026,"minecraft:total_world_time":34273,"minecraft:fall_one_cm":14396},"minecraft:mined":{"minecraft:crafting_table":3,"minecraft:granite":4,"minecraft:short_grass":5,"minecraft:grass_block":6,"minecraft:copper_ore":4,"minecraft:spruce_leaves":1,"minecraft:lapis_ore":1,"minecraft:diorite":4,"minecraft:wall_torch":1,"minecraft:large_fern":1,"minecraft:furnace":2,"minecraft:iron_ore":6,"minecraft:sweet_berry_bush":1,"minecraft:spruce_log":18,"minecraft:andesite":36,"minecraft:stone_brick_stairs":1,"minecraft:coal_ore":16,"minecraft:oak_log":6,"minecraft:gravel":6,"minecraft:dirt":10,"minecraft:stone":286,"minecraft:oak_leaves":3},"minecraft:broken":{"minecraft:stone_pickaxe":1},"minecraft:crafted":{"minecraft:cooked_beef":4,"minecraft:oak_planks":24,"minecraft:crafting_table":2,"minecraft:spruce_planks":4,"minecraft:wooden_pickaxe":1,"minecraft:iron_sword":1,"minecraft:furnace":2,"minecraft:stone_axe":1,"minecraft:cooked_mutton":5,"minecraft:air":0,"minecraft:shield":1,"minecraft:stick":16,"minecraft:iron_ingot":5,"minecraft:iron_pickaxe":1,"minecraft:stone_pickaxe":2,"minecraft:torch":20},"minecraft:killed":{"minecraft:spider":1,"minecraft:iron_golem":1,"minecraft:sheep":3,"minecraft:skeleton":2,"minecraft:zombie":1,"minecraft:cow":2},"minecraft:used":{"minecraft:cooked_mutton":2,"minecraft:stone_pickaxe":171,"minecraft:wooden_pickaxe":11,"minecraft:shield":1,"minecraft:iron_sword":4,"minecraft:torch":21,"minecraft:dirt":10,"minecraft:crafting_table":5,"minecraft:granite":2,"minecraft:bread":2,"minecraft:iron_pickaxe":200,"minecraft:stone_axe":45,"minecraft:furnace":3,"minecraft:andesite":7,"minecraft:cooked_beef":4,"minecraft:potato":1},"minecraft:killed_by":{"minecraft:player":1},"minecraft:picked_up":{"minecraft:crafting_table":3,"minecraft:andesite":36,"minecraft:leather":4,"minecraft:red_mushroom":1,"minecraft:oak_log":6,"minecraft:lapis_lazuli":9,"minecraft:dirt":16,"minecraft:string":2,"minecraft:raw_copper":10,"minecraft:bone":3,"minecraft:wheat_seeds":2,"minecraft:iron_ingot":5,"minecraft:beef":4,"minecraft:poppy":1,"minecraft:light_gray_wool":2,"minecraft:furnace":2,"minecraft:raw_iron":6,"minecraft:sweet_berries":2,"minecraft:torch":1,"minecraft:gravel":6,"minecraft:diorite":4,"minecraft:spruce_log":16,"minecraft:arrow":3,"minecraft:granite":4,"minecraft:mutton":5,"minecraft:coal":15,"minecraft:white_wool":1,"minecraft:cobblestone":285}},"DataVersion":3955}