{"stats":{"minecraft:custom":{"minecraft:interact_with_furnace":19,"minecraft:mob_kills":8,"minecraft:interact_with_crafting_table":10,"minecraft:leave_game":1,"minecraft:time_since_death":23163,"minecraft:time_since_rest":23200,"minecraft:sprint_one_cm":118550,"minecraft:damage_taken":609,"minecraft:walk_one_cm":77238,"minecraft:damage_blocked_by_shield":70,"minecraft:damage_dealt":2165,"minecraft:fly_one_cm":134341,"minecraft:open_chest":1,"minecraft:crouch_one_cm":597,"minecraft:play_time":28273,"minecraft:deaths":1,"minecraft:sneak_time":630,"minecraft:jump":657,"minecraft:walk_on_water_one_cm":1026,"minecraft:total_world_time":28273,"minecraft:fall_one_cm":12602},"minecraft:mined":{"minecraft:crafting_table":3,"minecraft:granite":4,"minecraft:short_grass":4,"minecraft:grass_block":3,"minecraft:copper_ore":2,"minecraft:spruce_leaves":1,"minecraft:lapis_ore":1,"minecraft:large_fern":1,"minecraft:furnace":2,"minecraft:iron_ore":5,"minecraft:sweet_berry_bush":1,"minecraft:spruce_log":15,"minecraft:andesite":36,"minecraft:stone_brick_stairs":1,"minecraft:coal_ore":11,"minecraft:oak_log":6,"minecraft:dirt":7,"minecraft:stone":157,"minecraft:oak_leaves":3},"minecraft:broken":{"minecraft:stone_pickaxe":1},"minecraft:crafted":{"minecraft:cooked_beef":4,"minecraft:oak_planks":24,"minecraft:crafting_table":2,"minecraft:wooden_pickaxe":1,"minecraft:iron_sword":1,"minecraft:furnace":2,"minecraft:stone_axe":1,"minecraft:air":0,"minecraft:shield":1,"minecraft:stick":12,"minecraft:iron_ingot":5,"minecraft:iron_pickaxe":1,"minecraft:stone_pickaxe":2,"minecraft:torch":4},"minecraft:killed":{"minecraft:spider":1,"minecraft:iron_golem":1,"minecraft:sheep":2,"minecraft:skeleton":1,"minecraft:zombie":1,"minecraft:cow":2},"minecraft:used":{"minecraft:stone_pickaxe":171,"minecraft:wooden_pickaxe":11,"minecraft:shield":1,"minecraft:torch":4,"minecraft:dirt":2,"minecraft:crafting_table":4,"minecraft:granite":2,"minecraft:bread":2,"minecraft:iron_pickaxe":51,"minecraft:stone_axe":39,"minecraft:furnace":2,"minecraft:andesite":7,"minecraft:cooked_beef":4,"minecraft:potato":1},"minecraft:killed_by":{"minecraft:player":1},"minecraft:picked_up":{"minecraft:crafting_table":3,"minecraft:andesite":36,"minecraft:leather":4,"minecraft:oak_log":6,"minecraft:lapis_lazuli":9,"minecraft:dirt":10,"minecraft:string":2,"minecraft:raw_copper":4,"minecraft:bone":1,"minecraft:wheat_seeds":2,"minecraft:iron_ingot":5,"minecraft:beef":4,"minecraft:poppy":1,"minecraft:light_gray_wool":1,"minecraft:furnace":2,"minecraft:raw_iron":5,"minecraft:sweet_berries":2,"minecraft:spruce_log":13,"minecraft:arrow":1,"minecraft:granite":4,"minecraft:mutton":3,"minecraft:coal":10,"minecraft:white_wool":1,"minecraft:cobblestone":156}},"DataVersion":3955}