{"stats":{"minecraft:custom":{"minecraft:jump":106,"minecraft:open_chest":6,"minecraft:time_since_rest":811,"minecraft:deaths":1,"minecraft:crouch_one_cm":49,"minecraft:sprint_one_cm":18376,"minecraft:leave_game":2,"minecraft:play_time":3964,"minecraft:damage_taken":300,"minecraft:time_since_death":780,"minecraft:walk_one_cm":9346,"minecraft:sneak_time":29,"minecraft:climb_one_cm":931,"minecraft:total_world_time":3964,"minecraft:talked_to_villager":1,"minecraft:fall_one_cm":5660,"minecraft:fly_one_cm":34640,"minecraft:open_barrel":1}},"DataVersion":3955}