{"stats":{"minecraft:custom":{"minecraft:time_since_rest":11922,"minecraft:interact_with_furnace":13,"minecraft:sprint_one_cm":58436,"minecraft:damage_taken":485,"minecraft:walk_one_cm":52766,"minecraft:mob_kills":4,"minecraft:drop":2,"minecraft:damage_dealt":497,"minecraft:interact_with_crafting_table":11,"minecraft:fly_one_cm":75764,"minecraft:crouch_one_cm":116,"minecraft:play_time":16176,"minecraft:deaths":1,"minecraft:sneak_time":101,"minecraft:jump":373,"minecraft:time_since_death":11892,"minecraft:total_world_time":16176,"minecraft:fall_one_cm":5986},"minecraft:dropped":{"minecraft:wooden_sword":2},"minecraft:mined":{"minecraft:large_fern":3,"minecraft:spruce_log":15,"minecraft:coal_ore":23,"minecraft:short_grass":43,"minecraft:grass_block":5,"variantvanillablocks:spruce_crafting_table":1,"minecraft:dirt":9,"minecraft:copper_ore":5,"minecraft:spruce_leaves":7,"minecraft:stone":50,"minecraft:fern":3},"minecraft:broken":{"minecraft:wooden_pickaxe":1},"minecraft:crafted":{"minecraft:cooked_beef":8,"minecraft:wooden_sword":1,"minecraft:charcoal":3,"variantvanillablocks:spruce_crafting_table":2,"minecraft:spruce_planks":36,"minecraft:stick":12,"minecraft:wooden_pickaxe":1,"minecraft:stone_pickaxe":1,"minecraft:furnace":2,"minecraft:torch":12,"minecraft:stone_axe":1,"minecraft:air":0},"minecraft:killed":{"minecraft:cow":4},"minecraft:used":{"variantvanillablocks:spruce_crafting_table":2,"minecraft:stone_pickaxe":19,"minecraft:wooden_pickaxe":59,"minecraft:stone_axe":8,"minecraft:torch":4,"minecraft:wooden_sword":14,"minecraft:dirt":4,"minecraft:furnace":2,"minecraft:cooked_beef":3},"minecraft:killed_by":{"minecraft:zombie":1},"minecraft:picked_up":{"minecraft:leather":2,"minecraft:spruce_log":14,"minecraft:dirt":14,"minecraft:raw_copper":19,"minecraft:wooden_sword":2,"variantvanillablocks:spruce_crafting_table":1,"minecraft:wheat_seeds":6,"minecraft:beef":11,"minecraft:coal":23,"minecraft:cobblestone":50}},"DataVersion":3955}