{"stats":{"minecraft:custom":{"minecraft:time_since_rest":5922,"minecraft:play_time":10176,"minecraft:sprint_one_cm":52336,"minecraft:deaths":1,"minecraft:damage_taken":475,"minecraft:walk_one_cm":38653,"minecraft:mob_kills":2,"minecraft:drop":2,"minecraft:jump":264,"minecraft:damage_dealt":298,"minecraft:time_since_death":5892,"minecraft:total_world_time":10176,"minecraft:fly_one_cm":72449,"minecraft:interact_with_crafting_table":3,"minecraft:fall_one_cm":5022},"minecraft:dropped":{"minecraft:wooden_sword":2},"minecraft:mined":{"minecraft:large_fern":3,"minecraft:short_grass":41,"minecraft:grass_block":5,"variantvanillablocks:spruce_crafting_table":1,"minecraft:dirt":9,"minecraft:spruce_leaves":7,"minecraft:spruce_log":10,"minecraft:stone":23,"minecraft:fern":3},"minecraft:crafted":{"minecraft:wooden_sword":1,"variantvanillablocks:spruce_crafting_table":2,"minecraft:spruce_planks":36,"minecraft:stick":8,"minecraft:wooden_pickaxe":1},"minecraft:killed":{"minecraft:cow":2},"minecraft:used":{"variantvanillablocks:spruce_crafting_table":2,"minecraft:wooden_sword":6,"minecraft:dirt":4,"minecraft:wooden_pickaxe":23},"minecraft:killed_by":{"minecraft:zombie":1},"minecraft:picked_up":{"minecraft:wooden_sword":2,"variantvanillablocks:spruce_crafting_table":1,"minecraft:leather":2,"minecraft:wheat_seeds":6,"minecraft:beef":5,"minecraft:spruce_log":9,"minecraft:dirt":14,"minecraft:cobblestone":23}},"DataVersion":3955}