{"stats":{"minecraft:killed_by":{"minecraft:zombie":1},"minecraft:picked_up":{"minecraft:raw_iron":6,"minecraft:glow_ink_sac":5,"minecraft:andesite":12,"minecraft:leather":2,"minecraft:torch":4,"minecraft:diorite":41,"minecraft:spruce_log":14,"minecraft:lapis_lazuli":19,"minecraft:dirt":15,"minecraft:raw_copper":26,"minecraft:wooden_sword":2,"variantvanillablocks:spruce_crafting_table":1,"minecraft:bone":3,"minecraft:wheat_seeds":6,"minecraft:granite":22,"minecraft:beef":11,"minecraft:coal":68,"minecraft:cobblestone":195},"minecraft:mined":{"supplementaries:urn":1,"minecraft:iron_ore":6,"minecraft:spruce_log":15,"minecraft:andesite":12,"minecraft:granite":22,"minecraft:short_grass":43,"minecraft:grass_block":5,"minecraft:coal_ore":66,"variantvanillablocks:spruce_crafting_table":1,"minecraft:dirt":10,"minecraft:copper_ore":8,"minecraft:cobblestone":1,"minecraft:deepslate_coal_ore":4,"minecraft:spruce_leaves":7,"minecraft:lapis_ore":3,"minecraft:stone":195,"minecraft:wall_torch":3,"minecraft:diorite":41,"minecraft:deepslate":3,"minecraft:fern":3,"minecraft:large_fern":3},"minecraft:killed":{"minecraft:glow_squid":1,"minecraft:cow":4},"minecraft:broken":{"minecraft:stone_pickaxe":2,"minecraft:wooden_pickaxe":1},"minecraft:crafted":{"minecraft:cooked_beef":8,"minecraft:wooden_sword":1,"minecraft:charcoal":3,"variantvanillablocks:spruce_crafting_table":3,"minecraft:spruce_planks":36,"minecraft:stick":24,"minecraft:wooden_pickaxe":1,"minecraft:iron_ingot":6,"minecraft:iron_pickaxe":1,"minecraft:stone_pickaxe":3,"minecraft:furnace":3,"minecraft:torch":44,"minecraft:stone_axe":1,"minecraft:air":0},"minecraft:dropped":{"minecraft:wooden_sword":2},"minecraft:custom":{"minecraft:interact_with_furnace":18,"minecraft:sprint_one_cm":73156,"minecraft:damage_taken":485,"minecraft:walk_one_cm":82390,"minecraft:mob_kills":5,"minecraft:drop":2,"minecraft:damage_dealt":656,"minecraft:interact_with_crafting_table":18,"minecraft:fly_one_cm":82866,"minecraft:crouch_one_cm":3130,"minecraft:play_time":32691,"minecraft:deaths":1,"minecraft:sneak_time":1007,"minecraft:walk_under_water_one_cm":223,"minecraft:jump":531,"minecraft:walk_on_water_one_cm":993,"minecraft:leave_game":2,"minecraft:time_since_death":28407,"minecraft:total_world_time":32691,"minecraft:fall_one_cm":6255,"minecraft:time_since_rest":28437},"minecraft:used":{"variantvanillablocks:spruce_crafting_table":4,"minecraft:stone_pickaxe":274,"minecraft:iron_pickaxe":31,"minecraft:wooden_pickaxe":59,"minecraft:torch":40,"minecraft:stone_axe":13,"minecraft:wooden_sword":17,"minecraft:dirt":5,"minecraft:cobblestone":10,"minecraft:furnace":3,"minecraft:cooked_beef":4}},"DataVersion":3955}