{"stats":{"minecraft:custom":{"minecraft:time_since_rest":99957,"minecraft:sprint_one_cm":97055,"minecraft:damage_taken":285,"minecraft:walk_one_cm":127776,"minecraft:mob_kills":5,"minecraft:drop":3,"minecraft:damage_dealt":1104,"minecraft:interact_with_crafting_table":5,"minecraft:fly_one_cm":839641,"minecraft:open_chest":6,"minecraft:crouch_one_cm":773,"minecraft:play_time":99957,"minecraft:sneak_time":1490,"minecraft:walk_under_water_one_cm":1165,"minecraft:jump":724,"minecraft:leave_game":5,"minecraft:walk_on_water_one_cm":98,"minecraft:time_since_death":99957,"minecraft:climb_one_cm":16,"minecraft:total_world_time":99957,"minecraft:fall_one_cm":6868},"minecraft:mined":{"minecraft:spruce_log":39,"minecraft:mossy_stone_brick_stairs":1,"minecraft:potted_dead_bush":1,"minecraft:short_grass":12,"minecraft:grass_block":8,"minecraft:oak_log":6,"minecraft:decorated_pot":3,"minecraft:dirt":12,"minecraft:tall_grass":1,"minecraft:stone_bricks":1,"minecraft:spruce_leaves":7,"minecraft:stone":50},"minecraft:dropped":{"minecraft:stone_sword":2,"minecraft:decorated_pot":1},"minecraft:crafted":{"minecraft:oak_planks":28,"minecraft:spruce_planks":100,"minecraft:crafting_table":3,"minecraft:stick":8,"minecraft:stone_pickaxe":1,"minecraft:wooden_pickaxe":1,"minecraft:stone_axe":1},"minecraft:killed":{"minecraft:zombie":4,"minecraft:creeper":1},"minecraft:used":{"minecraft:oak_log":1,"minecraft:short_grass":1,"minecraft:oak_fence":1,"minecraft:apple":11,"minecraft:stone_sword":22,"minecraft:mace":1,"minecraft:grass_block":124,"minecraft:stone_pickaxe":28,"minecraft:wooden_pickaxe":27,"minecraft:zombie_spawn_egg":1,"minecraft:stone_axe":48,"supplementaries:slingshot":1,"minecraft:oak_leaves":5,"minecraft:bedrock":3,"minecraft:dirt":102,"minecraft:cobblestone":5,"minecraft:crafting_table":3},"minecraft:picked_up":{"minecraft:chicken":1,"minecraft:flower_pot":1,"minecraft:oak_fence":1,"minecraft:brown_mushroom":2,"minecraft:dandelion":1,"minecraft:oak_log":6,"minecraft:dead_bush":1,"minecraft:brick":12,"minecraft:spruce_log":34,"minecraft:gunpowder":2,"minecraft:string":5,"minecraft:dirt":65,"minecraft:moss_carpet":2,"universal_graves:grave_compass":3,"minecraft:stone_sword":2,"minecraft:arrow":15,"minecraft:stone_bricks":1,"minecraft:rotten_flesh":2,"minecraft:decorated_pot":1,"minecraft:wheat_seeds":4,"minecraft:emerald":4,"minecraft:mossy_stone_brick_stairs":1,"minecraft:cobblestone":50}},"DataVersion":3955}