{"stats":{"minecraft:picked_up":{"minecraft:clay_ball":6,"minecraft:chicken":2,"minecraft:flower_pot":1,"minecraft:brown_mushroom":2,"minecraft:wooden_pickaxe":1,"minecraft:brick":12,"minecraft:string":12,"minecraft:moss_carpet":2,"minecraft:raw_copper":3,"minecraft:iron_axe":1,"universal_graves:grave_compass":4,"minecraft:gold_nugget":10,"minecraft:cobbled_deepslate":15,"minecraft:spruce_planks":33,"minecraft:beef":16,"minecraft:egg":1,"minecraft:raw_iron":39,"minecraft:stick":3,"minecraft:oak_fence":1,"minecraft:stone_sword":2,"minecraft:arrow":18,"minecraft:rotten_flesh":5,"minecraft:decorated_pot":1,"supplementaries:ash":10,"minecraft:white_wool":1,"minecraft:cobblestone":98,"minecraft:feather":4,"minecraft:leather":6,"minecraft:tuff":5,"minecraft:oak_log":6,"minecraft:gunpowder":2,"minecraft:dirt":68,"minecraft:lantern":1,"minecraft:cooked_mutton":1,"minecraft:stone_bricks":2,"minecraft:wheat_seeds":8,"minecraft:raw_gold":5,"minecraft:iron_ingot":32,"minecraft:guster_banner_pattern":1,"minecraft:moss_block":2,"minecraft:mossy_stone_brick_stairs":1,"minecraft:dandelion":1,"minecraft:amethyst_shard":2,"minecraft:spruce_sapling":1,"minecraft:spruce_log":79,"minecraft:dead_bush":1,"minecraft:grass_block":1,"minecraft:spider_eye":1,"minecraft:diamond":23,"minecraft:breeze_rod":2,"minecraft:emerald":4,"minecraft:bread":1,"minecraft:coal":51},"minecraft:mined":{"minecraft:tuff":2,"minecraft:spruce_planks":2,"minecraft:deepslate_diamond_ore":23,"minecraft:cave_vines_plant":1,"minecraft:potted_dead_bush":1,"minecraft:grass_block":11,"minecraft:decorated_pot":4,"minecraft:spruce_leaves":19,"minecraft:moss_block":1,"minecraft:hopper":1,"minecraft:chiseled_stone_bricks":1,"minecraft:spawner":1,"minecraft:iron_ore":29,"minecraft:mossy_stone_brick_stairs":1,"minecraft:cave_vines":1,"minecraft:deepslate_iron_ore":11,"minecraft:lantern":2,"minecraft:azalea":1,"minecraft:bone_block":3,"minecraft:stone":104,"minecraft:white_wool":1,"minecraft:clay":1,"minecraft:crafting_table":1,"minecraft:short_grass":40,"minecraft:tall_grass":1,"minecraft:cobblestone":3,"minecraft:deepslate_gold_ore":5,"supplementaries:urn":9,"minecraft:seagrass":1,"minecraft:sweet_berry_bush":8,"minecraft:spruce_log":87,"minecraft:coal_ore":50,"minecraft:oak_log":6,"minecraft:dirt":15,"minecraft:cobweb":2,"minecraft:smooth_basalt":3,"minecraft:stone_bricks":1,"minecraft:deepslate":24,"minecraft:fern":1},"minecraft:killed":{"minecraft:cave_spider":5,"minecraft:spider":1,"minecraft:skeleton":2,"minecraft:salmon":9,"minecraft:creeper":1,"minecraft:sheep":1,"minecraft:zombie":4,"minecraft:breeze":1,"minecraft:cow":6},"minecraft:crafted":{"minecraft:oak_planks":28,"minecraft:cooked_chicken":2,"minecraft:furnace":2,"minecraft:iron_boots":1,"minecraft:iron_axe":1,"minecraft:stone_pickaxe":1,"minecraft:cooked_beef":16,"minecraft:crafting_table":4,"minecraft:spruce_planks":100,"minecraft:wooden_pickaxe":1,"minecraft:baked_potato":10,"minecraft:iron_helmet":1,"minecraft:iron_sword":1,"minecraft:stone_axe":1,"minecraft:air":0,"minecraft:iron_chestplate":1,"minecraft:shield":1,"minecraft:stick":16,"minecraft:iron_ingot":25,"minecraft:iron_pickaxe":1,"minecraft:iron_leggings":1,"minecraft:torch":32},"minecraft:custom":{"minecraft:mob_kills":33,"minecraft:interact_with_crafting_table":15,"minecraft:open_barrel":7,"minecraft:leave_game":6,"minecraft:time_since_death":159316,"minecraft:climb_one_cm":2230,"minecraft:sprint_one_cm":289366,"minecraft:walk_one_cm":333222,"minecraft:damage_blocked_by_shield":541,"minecraft:drop":46,"minecraft:play_time":159316,"minecraft:sneak_time":5567,"minecraft:walk_under_water_one_cm":10718,"minecraft:jump":1861,"minecraft:walk_on_water_one_cm":11455,"minecraft:total_world_time":159316,"minecraft:interact_with_furnace":32,"minecraft:sleep_in_bed":1,"minecraft:time_since_rest":45427,"minecraft:damage_taken":1260,"minecraft:damage_dealt":4045,"minecraft:swim_one_cm":19611,"minecraft:fly_one_cm":1468798,"minecraft:open_chest":17,"minecraft:crouch_one_cm":14713,"minecraft:fall_one_cm":34894},"minecraft:dropped":{"minecraft:bread":2,"minecraft:moss_block":2,"minecraft:cooked_beef":3,"minecraft:golden_horse_armor":1,"minecraft:decorated_pot":1,"minecraft:cobblestone":7,"minecraft:book":1,"minecraft:lantern":1,"minecraft:mossy_stone_brick_stairs":1,"minecraft:grass_block":1,"minecraft:dirt":1,"minecraft:iron_axe":1,"minecraft:white_wool":1,"minecraft:moss_carpet":2,"minecraft:stone_sword":3,"minecraft:cobbled_deepslate":2,"minecraft:raw_copper":3,"minecraft:guster_banner_pattern":1,"minecraft:rotten_flesh":1,"minecraft:clay_ball":6,"minecraft:oak_planks":1,"minecraft:potato":6,"minecraft:spruce_planks":31,"minecraft:stone_bricks":2,"minecraft:spider_eye":1,"minecraft:wooden_pickaxe":2,"minecraft:egg":1},"minecraft:used":{"minecraft:oak_fence":1,"minecraft:stone_sword":30,"minecraft:spruce_planks":11,"minecraft:shield":6,"minecraft:iron_sword":93,"minecraft:zombie_spawn_egg":1,"minecraft:torch":33,"minecraft:dirt":110,"minecraft:tuff":5,"minecraft:iron_axe":2,"minecraft:grass_block":124,"minecraft:bedrock":3,"minecraft:deepslate_diamond_ore":1,"minecraft:furnace":2,"minecraft:cooked_beef":2,"minecraft:short_grass":1,"minecraft:cooked_mutton":1,"minecraft:water_bucket":7,"minecraft:stone_pickaxe":87,"minecraft:wooden_pickaxe":27,"supplementaries:slingshot":1,"minecraft:oak_leaves":5,"minecraft:crafting_table":4,"minecraft:oak_log":1,"minecraft:apple":16,"minecraft:mace":5,"minecraft:bread":15,"minecraft:iron_pickaxe":155,"minecraft:stone_axe":115,"minecraft:potion":1,"minecraft:cobblestone":5,"minecraft:bucket":8}},"DataVersion":3955}