{"stats":{"minecraft:mined":{"minecraft:short_grass":4},"minecraft:killed":{"minecraft:zombie":2,"minecraft:creeper":1},"minecraft:picked_up":{"minecraft:stone_sword":1,"universal_graves:grave_compass":1,"minecraft:rotten_flesh":1,"minecraft:oak_fence":1,"minecraft:gunpowder":1},"minecraft:dropped":{"minecraft:stone_sword":2},"minecraft:custom":{"minecraft:time_since_rest":71548,"minecraft:crouch_one_cm":25,"minecraft:sprint_one_cm":33229,"minecraft:play_time":71548,"minecraft:walk_one_cm":53595,"minecraft:sneak_time":784,"minecraft:mob_kills":3,"minecraft:drop":2,"minecraft:jump":263,"minecraft:damage_dealt":548,"minecraft:leave_game":4,"minecraft:time_since_death":71548,"minecraft:climb_one_cm":16,"minecraft:total_world_time":71548,"minecraft:fall_one_cm":209,"minecraft:fly_one_cm":458665},"minecraft:used":{"minecraft:oak_fence":1,"minecraft:short_grass":1,"minecraft:oak_leaves":5,"minecraft:dirt":18,"minecraft:stone_sword":12,"minecraft:grass_block":33,"minecraft:zombie_spawn_egg":1}},"DataVersion":3955}