{"stats":{"minecraft:picked_up":{"minecraft:stick":5,"minecraft:sweet_berries":66,"minecraft:andesite":9,"minecraft:leather":2,"minecraft:lead":2,"minecraft:spruce_sapling":5,"minecraft:spruce_log":50,"minecraft:dirt":25,"minecraft:raw_copper":10,"variantvanillablocks:spruce_crafting_table":1,"minecraft:wheat_seeds":2,"minecraft:mutton":4,"minecraft:white_wool":2,"minecraft:cobblestone":73,"minecraft:furnace":1},"minecraft:mined":{"minecraft:large_fern":3,"minecraft:furnace":1,"minecraft:sweet_berry_bush":17,"minecraft:spruce_log":51,"minecraft:andesite":9,"minecraft:short_grass":10,"minecraft:grass_block":8,"variantvanillablocks:spruce_crafting_table":1,"minecraft:dirt":17,"minecraft:copper_ore":2,"minecraft:spruce_leaves":5,"minecraft:stone":74,"minecraft:fern":2},"minecraft:killed":{"minecraft:sheep":2,"minecraft:trader_llama":2,"minecraft:zombie":2},"minecraft:crafted":{"variantvanillablocks:spruce_crafting_table":2,"minecraft:spruce_planks":200,"minecraft:stick":12,"minecraft:wooden_pickaxe":1,"minecraft:stone_pickaxe":2,"minecraft:wooden_axe":1,"minecraft:furnace":1,"minecraft:stone_axe":1},"minecraft:dropped":{"minecraft:wheat_seeds":1},"minecraft:used":{"variantvanillablocks:spruce_crafting_table":2,"minecraft:wooden_axe":7,"minecraft:stone_pickaxe":88,"minecraft:wooden_pickaxe":3,"minecraft:stone_axe":59,"minecraft:dirt":2,"minecraft:mutton":4,"minecraft:sweet_berries":8,"minecraft:furnace":1},"minecraft:custom":{"minecraft:time_since_rest":13168,"minecraft:interact_with_furnace":2,"minecraft:sprint_one_cm":9465,"minecraft:damage_taken":205,"minecraft:walk_one_cm":186635,"minecraft:mob_kills":6,"minecraft:drop":1,"minecraft:damage_dealt":1038,"minecraft:swim_one_cm":3960,"minecraft:interact_with_crafting_table":5,"minecraft:talked_to_villager":3,"minecraft:fly_one_cm":1138,"minecraft:open_chest":1,"minecraft:crouch_one_cm":275,"minecraft:play_time":20955,"minecraft:sneak_time":34,"minecraft:walk_under_water_one_cm":456,"minecraft:jump":238,"minecraft:walk_on_water_one_cm":4248,"minecraft:time_since_death":20955,"minecraft:sleep_in_bed":1,"minecraft:total_world_time":20955,"minecraft:fall_one_cm":1903}},"DataVersion":3955}