{"stats":{"minecraft:killed_by":{"minecraft:zombie":1,"minecraft:player":1},"minecraft:picked_up":{"minecraft:rotten_flesh":2},"minecraft:custom":{"minecraft:jump":116,"minecraft:time_since_rest":18791,"minecraft:leave_game":1,"minecraft:crouch_one_cm":8,"minecraft:damage_dealt":267,"minecraft:deaths":2,"minecraft:sprint_one_cm":7622,"minecraft:play_time":35737,"minecraft:damage_taken":510,"minecraft:time_since_death":18684,"minecraft:walk_one_cm":21695,"minecraft:climb_one_cm":1419,"minecraft:sneak_time":15,"minecraft:total_world_time":35737,"minecraft:fall_one_cm":1045,"minecraft:fly_one_cm":16605},"minecraft:used":{"minecraft:rotten_flesh":2}},"DataVersion":3955}