{"stats":{"minecraft:killed":{"minecraft:cave_spider":7,"minecraft:zombie":6,"minecraft:player":1,"minecraft:cow":4},"minecraft:dropped":{"minecraft:cobblestone":1,"minecraft:oak_button":1},"minecraft:broken":{"minecraft:stone_pickaxe":1},"minecraft:killed_by":{"minecraft:player":1,"minecraft:zombie":1},"minecraft:mined":{"minecraft:deepslate_diamond_ore":11,"minecraft:crafting_table":8,"minecraft:short_grass":8,"minecraft:grass_block":8,"minecraft:cobblestone":6,"minecraft:spruce_leaves":1,"minecraft:oak_planks":1,"minecraft:wall_torch":3,"minecraft:spawner":3,"supplementaries:urn":3,"minecraft:furnace":3,"minecraft:iron_ore":79,"minecraft:andesite":10,"minecraft:deepslate_lapis_ore":15,"minecraft:oak_log":15,"minecraft:coal_ore":60,"minecraft:deepslate_iron_ore":9,"minecraft:gravel":3,"minecraft:dirt":15,"minecraft:cobweb":84,"minecraft:stone":121,"minecraft:gold_ore":2,"minecraft:oak_leaves":3,"minecraft:deepslate":14,"minecraft:fern":1},"minecraft:picked_up":{"minecraft:crafting_table":8,"minecraft:andesite":12,"minecraft:leather":4,"minecraft:oak_log":15,"minecraft:dirt":23,"minecraft:lapis_lazuli":117,"minecraft:string":81,"minecraft:wheat_seeds":1,"minecraft:cobbled_deepslate":20,"minecraft:raw_gold":2,"minecraft:beef":9,"minecraft:oak_planks":1,"minecraft:furnace":3,"minecraft:stick":2,"minecraft:raw_iron":88,"minecraft:torch":21,"minecraft:gravel":6,"minecraft:spruce_log":1,"minecraft:spider_eye":2,"minecraft:rotten_flesh":3,"minecraft:diamond":11,"minecraft:emerald":4,"minecraft:oak_button":1,"supplementaries:ash":3,"minecraft:coal":143,"minecraft:cobblestone":137},"minecraft:custom":{"minecraft:interact_with_furnace":7,"minecraft:mob_kills":17,"minecraft:interact_with_crafting_table":14,"minecraft:open_barrel":3,"minecraft:leave_game":4,"minecraft:time_since_death":85235,"minecraft:climb_one_cm":1419,"minecraft:time_since_rest":85342,"minecraft:sprint_one_cm":171038,"minecraft:damage_taken":1196,"minecraft:walk_one_cm":238759,"minecraft:damage_blocked_by_shield":662,"minecraft:drop":2,"minecraft:damage_dealt":3009,"minecraft:player_kills":1,"minecraft:swim_one_cm":4210,"minecraft:fly_one_cm":91833,"minecraft:open_chest":5,"minecraft:crouch_one_cm":4105,"minecraft:play_time":102288,"minecraft:deaths":2,"minecraft:sneak_time":1688,"minecraft:walk_under_water_one_cm":173,"minecraft:jump":964,"minecraft:walk_on_water_one_cm":6881,"minecraft:total_world_time":102288,"minecraft:fall_one_cm":16568},"minecraft:used":{"minecraft:stone_sword":32,"variantvanillablocks:oak_chest":1,"minecraft:stone_pickaxe":215,"minecraft:oak_planks":1,"minecraft:wooden_pickaxe":19,"minecraft:shield":10,"minecraft:iron_sword":121,"minecraft:wooden_shovel":25,"minecraft:rotten_flesh":2,"minecraft:torch":131,"minecraft:crafting_table":9,"minecraft:apple":7,"minecraft:iron_pickaxe":100,"minecraft:gravel":3,"minecraft:stone_axe":21,"minecraft:cobblestone":36,"minecraft:furnace":3,"minecraft:cooked_beef":7},"minecraft:crafted":{"minecraft:cooked_beef":9,"minecraft:oak_planks":60,"minecraft:wooden_shovel":1,"minecraft:crafting_table":1,"minecraft:spruce_planks":4,"minecraft:wooden_pickaxe":1,"minecraft:iron_helmet":1,"minecraft:iron_sword":1,"minecraft:furnace":1,"minecraft:stone_axe":1,"variantvanillablocks:oak_chest":1,"minecraft:air":0,"minecraft:iron_boots":1,"minecraft:iron_chestplate":1,"minecraft:shield":1,"minecraft:stick":68,"minecraft:iron_ingot":62,"minecraft:iron_pickaxe":1,"minecraft:stone_pickaxe":2,"minecraft:stone_sword":1,"minecraft:iron_leggings":1,"minecraft:oak_button":1,"minecraft:torch":128}},"DataVersion":3955}