{"stats":{"minecraft:custom":{"minecraft:time_since_rest":36940,"minecraft:interact_with_furnace":3,"minecraft:sprint_one_cm":91091,"minecraft:damage_taken":820,"minecraft:walk_one_cm":68384,"minecraft:mob_kills":5,"minecraft:drop":1,"minecraft:damage_dealt":1270,"minecraft:player_kills":1,"minecraft:interact_with_crafting_table":3,"minecraft:fly_one_cm":60487,"minecraft:open_barrel":3,"minecraft:open_chest":3,"minecraft:crouch_one_cm":8,"minecraft:play_time":53886,"minecraft:deaths":2,"minecraft:sneak_time":15,"minecraft:jump":365,"minecraft:leave_game":2,"minecraft:time_since_death":36833,"minecraft:climb_one_cm":1419,"minecraft:total_world_time":53886,"minecraft:fall_one_cm":7354},"minecraft:dropped":{"minecraft:cobblestone":1},"minecraft:mined":{"minecraft:furnace":1,"minecraft:crafting_table":2,"minecraft:short_grass":7,"minecraft:coal_ore":19,"minecraft:grass_block":4,"minecraft:oak_log":4,"minecraft:gravel":2,"minecraft:dirt":9,"minecraft:spruce_leaves":1,"minecraft:stone":33,"minecraft:oak_planks":1,"minecraft:wall_torch":3,"minecraft:oak_leaves":3},"minecraft:crafted":{"minecraft:cooked_beef":9,"minecraft:oak_planks":16,"minecraft:wooden_shovel":1,"minecraft:crafting_table":1,"minecraft:stick":12,"minecraft:wooden_pickaxe":1,"minecraft:stone_pickaxe":1,"minecraft:stone_sword":1,"minecraft:furnace":1,"minecraft:oak_button":1,"minecraft:torch":20,"minecraft:stone_axe":1,"minecraft:air":0},"minecraft:killed":{"minecraft:zombie":1,"minecraft:player":1,"minecraft:cow":4},"minecraft:used":{"minecraft:stone_sword":26,"minecraft:apple":7,"minecraft:stone_pickaxe":43,"minecraft:oak_planks":1,"minecraft:wooden_pickaxe":10,"minecraft:wooden_shovel":14,"minecraft:rotten_flesh":2,"minecraft:torch":8,"minecraft:stone_axe":4,"minecraft:cobblestone":2,"minecraft:crafting_table":2,"minecraft:furnace":1,"minecraft:cooked_beef":2},"minecraft:killed_by":{"minecraft:player":1,"minecraft:zombie":1},"minecraft:picked_up":{"minecraft:stick":2,"minecraft:crafting_table":2,"minecraft:leather":4,"minecraft:torch":3,"minecraft:gravel":2,"minecraft:oak_log":4,"minecraft:spruce_log":1,"minecraft:dirt":13,"minecraft:rotten_flesh":2,"minecraft:wheat_seeds":1,"minecraft:beef":9,"minecraft:oak_planks":1,"minecraft:coal":31,"minecraft:cobblestone":34,"minecraft:furnace":1}},"DataVersion":3955}