{"stats":{"minecraft:custom":{"minecraft:time_since_rest":42940,"minecraft:interact_with_furnace":3,"minecraft:sprint_one_cm":105848,"minecraft:damage_taken":820,"minecraft:walk_one_cm":98073,"minecraft:mob_kills":5,"minecraft:drop":1,"minecraft:damage_dealt":1270,"minecraft:swim_one_cm":4210,"minecraft:player_kills":1,"minecraft:interact_with_crafting_table":4,"minecraft:fly_one_cm":66558,"minecraft:open_barrel":3,"minecraft:open_chest":3,"minecraft:crouch_one_cm":630,"minecraft:play_time":59886,"minecraft:deaths":2,"minecraft:sneak_time":198,"minecraft:walk_under_water_one_cm":173,"minecraft:jump":467,"minecraft:walk_on_water_one_cm":3414,"minecraft:leave_game":2,"minecraft:time_since_death":42833,"minecraft:climb_one_cm":1419,"minecraft:total_world_time":59886,"minecraft:fall_one_cm":8579},"minecraft:dropped":{"minecraft:cobblestone":1},"minecraft:mined":{"minecraft:furnace":1,"minecraft:iron_ore":1,"minecraft:andesite":1,"minecraft:crafting_table":3,"minecraft:short_grass":8,"minecraft:coal_ore":60,"minecraft:grass_block":8,"minecraft:oak_log":4,"minecraft:gravel":3,"minecraft:dirt":15,"minecraft:spruce_leaves":1,"minecraft:stone":80,"minecraft:oak_planks":1,"minecraft:wall_torch":3,"minecraft:oak_leaves":3},"minecraft:broken":{"minecraft:stone_pickaxe":1},"minecraft:crafted":{"minecraft:cooked_beef":9,"minecraft:oak_planks":16,"minecraft:wooden_shovel":1,"minecraft:crafting_table":1,"minecraft:spruce_planks":4,"minecraft:stick":20,"minecraft:wooden_pickaxe":1,"minecraft:stone_pickaxe":1,"minecraft:stone_sword":1,"minecraft:furnace":1,"minecraft:oak_button":1,"minecraft:torch":52,"minecraft:stone_axe":1,"minecraft:air":0},"minecraft:killed":{"minecraft:zombie":1,"minecraft:player":1,"minecraft:cow":4},"minecraft:used":{"minecraft:stone_sword":26,"minecraft:apple":7,"minecraft:stone_pickaxe":131,"minecraft:oak_planks":1,"minecraft:wooden_pickaxe":12,"minecraft:wooden_shovel":25,"minecraft:rotten_flesh":2,"minecraft:torch":28,"minecraft:stone_axe":4,"minecraft:cobblestone":12,"minecraft:crafting_table":3,"minecraft:furnace":1,"minecraft:cooked_beef":3},"minecraft:killed_by":{"minecraft:player":1,"minecraft:zombie":1},"minecraft:picked_up":{"minecraft:raw_iron":1,"minecraft:stick":2,"minecraft:crafting_table":3,"minecraft:leather":4,"minecraft:torch":3,"minecraft:gravel":3,"minecraft:oak_log":4,"minecraft:spruce_log":1,"minecraft:dirt":23,"minecraft:rotten_flesh":2,"minecraft:wheat_seeds":1,"minecraft:beef":9,"minecraft:oak_planks":1,"minecraft:coal":71,"minecraft:cobblestone":79,"minecraft:furnace":1}},"DataVersion":3955}