{"stats":{"minecraft:killed_by":{"minecraft:iron_golem":3,"minecraft:player":1,"minecraft:zombie":1},"minecraft:picked_up":{"minecraft:feather":2,"minecraft:chicken":1,"minecraft:salmon":4,"minecraft:spruce_sapling":1,"minecraft:carrot":1,"minecraft:spruce_log":5,"minecraft:dirt":2,"minecraft:lantern":1,"minecraft:stone_sword":1,"minecraft:wheat_seeds":8,"minecraft:iron_ingot":18,"minecraft:azalea":1,"minecraft:rabbit":1,"minecraft:moss_block":3,"minecraft:mutton":5,"minecraft:coal":6,"minecraft:white_wool":4,"minecraft:hopper":1,"minecraft:cobblestone":5},"minecraft:mined":{"minecraft:large_fern":3,"minecraft:spruce_log":5,"minecraft:short_grass":61,"minecraft:grass_block":3,"minecraft:cave_vines":1,"minecraft:dirt":1,"minecraft:spruce_leaves":1,"minecraft:small_dripleaf":1,"minecraft:moss_block":5,"minecraft:fern":5},"minecraft:killed":{"minecraft:chicken":1},"minecraft:used":{"minecraft:stone_sword":7,"minecraft:rabbit":1,"minecraft:lantern":1,"minecraft:chicken":1,"minecraft:white_wool":3,"minecraft:salmon":4,"minecraft:dirt":2,"minecraft:mutton":5,"minecraft:spruce_log":5},"minecraft:dropped":{"minecraft:iron_ingot":18},"minecraft:custom":{"minecraft:time_since_rest":564,"minecraft:interact_with_furnace":1,"minecraft:sprint_one_cm":54444,"minecraft:damage_taken":1463,"minecraft:walk_one_cm":64541,"minecraft:mob_kills":1,"minecraft:drop":2,"minecraft:damage_dealt":342,"minecraft:interact_with_crafting_table":2,"minecraft:fly_one_cm":217435,"minecraft:crouch_one_cm":1390,"minecraft:play_time":38421,"minecraft:deaths":5,"minecraft:sneak_time":435,"minecraft:walk_under_water_one_cm":7668,"minecraft:jump":932,"minecraft:leave_game":1,"minecraft:time_since_death":377,"minecraft:walk_on_water_one_cm":9257,"minecraft:climb_one_cm":836,"minecraft:total_world_time":38421,"minecraft:fall_one_cm":25012}},"DataVersion":3955}