{"stats":{"minecraft:mined":{"minecraft:white_bed":1,"minecraft:crafting_table":7,"minecraft:torch":1,"minecraft:short_grass":11,"minecraft:grass_block":4,"minecraft:chest":1,"minecraft:tall_grass":1,"minecraft:cobblestone":20,"minecraft:potted_oak_sapling":1,"minecraft:composter":2,"minecraft:oak_planks":2,"minecraft:diorite":8,"minecraft:hay_block":18,"minecraft:furnace":3,"minecraft:carrots":5,"minecraft:iron_ore":92,"minecraft:wheat":15,"minecraft:andesite":2,"minecraft:pumpkin":1,"minecraft:potatoes":4,"minecraft:beetroots":1,"minecraft:oak_log":15,"minecraft:coal_ore":145,"minecraft:dirt":22,"minecraft:stripped_oak_log":12,"minecraft:stone":203,"minecraft:oak_leaves":2},"minecraft:picked_up":{"minecraft:stripped_oak_log":12,"minecraft:crafting_table":7,"minecraft:flower_pot":1,"minecraft:andesite":1,"minecraft:golden_pickaxe":1,"minecraft:leather":23,"minecraft:potato":7,"minecraft:oak_log":15,"minecraft:gunpowder":2,"minecraft:dirt":26,"minecraft:string":1,"minecraft:lantern":2,"minecraft:bone":10,"minecraft:beetroot":1,"minecraft:apple":1,"minecraft:sea_pickle":3,"minecraft:wheat_seeds":16,"minecraft:stone_pickaxe":1,"minecraft:beef":43,"minecraft:coal_block":11,"minecraft:chest":1,"minecraft:oak_planks":2,"minecraft:furnace":3,"minecraft:egg":1,"minecraft:stick":1,"minecraft:raw_iron":92,"minecraft:pumpkin":1,"minecraft:composter":2,"minecraft:torch":1,"minecraft:grass_block":1,"minecraft:diorite":15,"minecraft:white_bed":1,"minecraft:carrot":5,"minecraft:arrow":7,"minecraft:rotten_flesh":10,"minecraft:hay_block":17,"minecraft:spruce_sign":1,"minecraft:oak_sapling":7,"minecraft:mutton":8,"minecraft:coal":145,"minecraft:white_wool":6,"minecraft:cobblestone":218},"minecraft:killed":{"minecraft:zombie_villager":1,"minecraft:spider":1,"minecraft:creeper":1,"minecraft:skeleton":7,"minecraft:sheep":6,"minecraft:zombie":6,"minecraft:player":1,"minecraft:cow":21},"minecraft:broken":{"minecraft:stone_pickaxe":1,"minecraft:wooden_sword":1,"minecraft:iron_pickaxe":1},"minecraft:crafted":{"minecraft:cooked_beef":15,"minecraft:coal_block":13,"minecraft:wooden_sword":1,"minecraft:smooth_stone":3,"minecraft:oak_planks":60,"minecraft:crafting_table":5,"minecraft:iron_helmet":1,"minecraft:wooden_pickaxe":1,"minecraft:iron_sword":1,"minecraft:furnace":4,"minecraft:blast_furnace":1,"minecraft:stone":3,"minecraft:stone_axe":1,"minecraft:air":0,"minecraft:iron_chestplate":1,"minecraft:shield":1,"minecraft:stick":36,"minecraft:iron_ingot":44,"minecraft:iron_pickaxe":2,"minecraft:stone_pickaxe":2,"minecraft:wooden_axe":1,"minecraft:stone_sword":1,"minecraft:iron_leggings":1,"minecraft:white_bed":1,"minecraft:torch":72,"minecraft:smoker":1,"minecraft:wheat":153},"minecraft:dropped":{"minecraft:stone_sword":1,"minecraft:rotten_flesh":8,"minecraft:lantern":2,"minecraft:stick":3,"minecraft:gunpowder":2,"minecraft:diorite":15,"minecraft:andesite":1,"minecraft:oak_sapling":9,"minecraft:fire_charge":4,"minecraft:pumpkin":1,"minecraft:stone_pickaxe":2,"minecraft:egg":1},"minecraft:used":{"minecraft:stone_sword":52,"minecraft:stone_pickaxe":204,"minecraft:oak_planks":1,"minecraft:wooden_pickaxe":10,"minecraft:chest":1,"minecraft:shield":7,"minecraft:iron_sword":38,"minecraft:torch":73,"minecraft:dirt":1,"minecraft:crafting_table":11,"minecraft:white_bed":1,"minecraft:wooden_axe":25,"minecraft:bread":16,"minecraft:iron_pickaxe":258,"minecraft:stone_axe":66,"minecraft:wooden_sword":53,"minecraft:cobblestone":71,"minecraft:furnace":4,"minecraft:sea_pickle":1,"minecraft:cooked_beef":13,"minecraft:golden_pickaxe":23},"minecraft:custom":{"minecraft:interact_with_furnace":35,"minecraft:mob_kills":43,"minecraft:interact_with_crafting_table":48,"minecraft:open_barrel":2,"minecraft:leave_game":3,"minecraft:time_since_death":87224,"minecraft:sleep_in_bed":1,"minecraft:climb_one_cm":341,"minecraft:time_since_rest":44982,"minecraft:sprint_one_cm":491219,"minecraft:damage_taken":1083,"minecraft:walk_one_cm":269039,"minecraft:damage_blocked_by_shield":170,"minecraft:drop":16,"minecraft:damage_dealt":6482,"minecraft:talked_to_villager":1,"minecraft:swim_one_cm":44584,"minecraft:fly_one_cm":498503,"minecraft:player_kills":1,"minecraft:open_chest":76,"minecraft:crouch_one_cm":10424,"minecraft:play_time":87224,"minecraft:sneak_time":4218,"minecraft:walk_under_water_one_cm":4426,"minecraft:jump":2158,"minecraft:walk_on_water_one_cm":5469,"minecraft:total_world_time":87224,"minecraft:fall_one_cm":56115,"minecraft:horse_one_cm":30918}},"DataVersion":3955}