{"stats":{"minecraft:custom":{"minecraft:interact_with_furnace":1,"minecraft:time_since_rest":27859,"minecraft:sprint_one_cm":160515,"minecraft:damage_taken":546,"minecraft:walk_one_cm":67447,"minecraft:mob_kills":15,"minecraft:damage_dealt":2138,"minecraft:swim_one_cm":13702,"minecraft:interact_with_crafting_table":10,"minecraft:fly_one_cm":238120,"minecraft:player_kills":1,"minecraft:open_barrel":1,"minecraft:open_chest":49,"minecraft:crouch_one_cm":433,"minecraft:play_time":27859,"minecraft:sneak_time":144,"minecraft:walk_under_water_one_cm":1989,"minecraft:jump":832,"minecraft:leave_game":1,"minecraft:walk_on_water_one_cm":2141,"minecraft:time_since_death":27859,"minecraft:total_world_time":27859,"minecraft:fall_one_cm":24617},"minecraft:mined":{"minecraft:hay_block":16,"minecraft:iron_ore":4,"minecraft:pumpkin":1,"minecraft:crafting_table":1,"minecraft:short_grass":10,"minecraft:grass_block":1,"minecraft:oak_log":11,"minecraft:chest":1,"minecraft:tall_grass":1,"minecraft:cobblestone":1,"minecraft:stone":42,"minecraft:potted_oak_sapling":1,"minecraft:oak_leaves":2},"minecraft:broken":{"minecraft:wooden_sword":1},"minecraft:crafted":{"minecraft:wooden_sword":1,"minecraft:oak_planks":44,"minecraft:crafting_table":3,"minecraft:stick":12,"minecraft:stone_pickaxe":1,"minecraft:wooden_pickaxe":1,"minecraft:wooden_axe":1,"minecraft:stone_sword":1,"minecraft:furnace":1},"minecraft:used":{"minecraft:wooden_axe":25,"minecraft:bread":15,"minecraft:stone_pickaxe":38,"minecraft:oak_planks":1,"minecraft:wooden_pickaxe":10,"minecraft:dirt":1,"minecraft:wooden_sword":53,"minecraft:cobblestone":2,"minecraft:crafting_table":4,"minecraft:furnace":1,"minecraft:sea_pickle":1},"minecraft:killed":{"minecraft:skeleton":1,"minecraft:sheep":6,"minecraft:zombie":1,"minecraft:player":1,"minecraft:cow":7},"minecraft:picked_up":{"minecraft:raw_iron":4,"minecraft:stick":1,"minecraft:crafting_table":1,"minecraft:flower_pot":1,"minecraft:pumpkin":1,"minecraft:leather":7,"minecraft:oak_log":11,"minecraft:dirt":1,"minecraft:lantern":2,"minecraft:arrow":2,"minecraft:rotten_flesh":2,"minecraft:apple":1,"minecraft:sea_pickle":3,"minecraft:hay_block":15,"minecraft:beef":12,"minecraft:spruce_sign":1,"minecraft:oak_sapling":7,"minecraft:chest":1,"minecraft:mutton":8,"minecraft:white_wool":6,"minecraft:cobblestone":43,"minecraft:egg":1}},"DataVersion":3955}