{"stats":{"minecraft:custom":{"minecraft:interact_with_furnace":7,"minecraft:mob_kills":15,"minecraft:interact_with_crafting_table":13,"minecraft:open_barrel":2,"minecraft:leave_game":1,"minecraft:time_since_death":33859,"minecraft:time_since_rest":33859,"minecraft:sprint_one_cm":199385,"minecraft:damage_taken":566,"minecraft:walk_one_cm":80158,"minecraft:drop":5,"minecraft:damage_dealt":2138,"minecraft:swim_one_cm":43864,"minecraft:fly_one_cm":267762,"minecraft:player_kills":1,"minecraft:open_chest":51,"minecraft:crouch_one_cm":1818,"minecraft:play_time":33859,"minecraft:sneak_time":888,"minecraft:walk_under_water_one_cm":4075,"minecraft:jump":975,"minecraft:walk_on_water_one_cm":4381,"minecraft:total_world_time":33859,"minecraft:fall_one_cm":27185},"minecraft:dropped":{"minecraft:rotten_flesh":2,"minecraft:lantern":2,"minecraft:oak_sapling":9,"minecraft:stone_pickaxe":1,"minecraft:egg":1},"minecraft:mined":{"minecraft:crafting_table":1,"minecraft:short_grass":10,"minecraft:grass_block":1,"minecraft:chest":1,"minecraft:cobblestone":2,"minecraft:tall_grass":1,"minecraft:potted_oak_sapling":1,"minecraft:hay_block":18,"minecraft:iron_ore":4,"minecraft:pumpkin":1,"minecraft:oak_log":11,"minecraft:coal_ore":17,"minecraft:stone":57,"minecraft:oak_leaves":2},"minecraft:broken":{"minecraft:wooden_sword":1},"minecraft:crafted":{"minecraft:cooked_beef":12,"minecraft:wooden_sword":1,"minecraft:oak_planks":44,"minecraft:crafting_table":4,"minecraft:wooden_pickaxe":1,"minecraft:furnace":1,"minecraft:air":0,"minecraft:shield":1,"minecraft:stick":16,"minecraft:iron_ingot":4,"minecraft:stone_pickaxe":1,"minecraft:wooden_axe":1,"minecraft:stone_sword":1,"minecraft:torch":20},"minecraft:killed":{"minecraft:sheep":6,"minecraft:skeleton":1,"minecraft:zombie":1,"minecraft:player":1,"minecraft:cow":7},"minecraft:used":{"minecraft:stone_pickaxe":73,"minecraft:oak_planks":1,"minecraft:wooden_pickaxe":10,"minecraft:torch":5,"minecraft:dirt":1,"minecraft:crafting_table":4,"minecraft:wooden_axe":25,"minecraft:bread":16,"minecraft:wooden_sword":53,"minecraft:cobblestone":2,"minecraft:furnace":1,"minecraft:sea_pickle":1,"minecraft:cooked_beef":1},"minecraft:picked_up":{"minecraft:crafting_table":1,"minecraft:flower_pot":1,"minecraft:leather":7,"minecraft:oak_log":11,"minecraft:dirt":1,"minecraft:lantern":2,"minecraft:apple":1,"minecraft:sea_pickle":3,"minecraft:beef":12,"minecraft:stone_pickaxe":1,"minecraft:chest":1,"minecraft:egg":1,"minecraft:stick":1,"minecraft:raw_iron":4,"minecraft:pumpkin":1,"minecraft:arrow":2,"minecraft:rotten_flesh":2,"minecraft:hay_block":17,"minecraft:spruce_sign":1,"minecraft:oak_sapling":7,"minecraft:mutton":8,"minecraft:coal":17,"minecraft:cobblestone":59,"minecraft:white_wool":6}},"DataVersion":3955}