{"stats":{"minecraft:mined":{"minecraft:hay_block":12,"minecraft:iron_ore":1,"minecraft:wheat":178,"minecraft:dandelion":1,"minecraft:crafting_table":7,"minecraft:short_grass":39,"minecraft:coal_ore":30,"minecraft:oak_log":15,"minecraft:grass_block":2,"minecraft:tall_grass":16,"minecraft:stone":18,"minecraft:wall_torch":1,"minecraft:oak_leaves":3},"minecraft:picked_up":{"minecraft:raw_iron":1,"minecraft:stick":4,"minecraft:crafting_table":7,"minecraft:wheat":105,"minecraft:oak_log":15,"minecraft:dirt":2,"minecraft:lantern":2,"minecraft:bone":1,"minecraft:sea_pickle":2,"minecraft:wheat_seeds":354,"minecraft:hay_block":12,"minecraft:oak_sapling":1,"minecraft:oak_planks":9,"minecraft:coal":29,"minecraft:cobblestone":18},"minecraft:crafted":{"minecraft:oak_planks":60,"minecraft:crafting_table":2,"minecraft:stick":8,"minecraft:wooden_pickaxe":2,"minecraft:stone_pickaxe":1,"minecraft:torch":16,"minecraft:stone_axe":1,"minecraft:bread":71,"minecraft:wheat":108},"minecraft:dropped":{"minecraft:wheat_seeds":1,"minecraft:oak_planks":9},"minecraft:used":{"minecraft:wheat_seeds":178,"minecraft:bread":8,"minecraft:stone_pickaxe":48,"minecraft:wooden_pickaxe":3,"minecraft:torch":4,"minecraft:stone_axe":11,"minecraft:dirt":2,"minecraft:cobblestone":3,"minecraft:crafting_table":8},"minecraft:custom":{"minecraft:time_since_rest":19016,"minecraft:sprint_one_cm":104116,"minecraft:damage_taken":145,"minecraft:walk_one_cm":50459,"minecraft:drop":2,"minecraft:interact_with_crafting_table":13,"minecraft:fly_one_cm":270852,"minecraft:open_chest":5,"minecraft:crouch_one_cm":1678,"minecraft:play_time":19016,"minecraft:sneak_time":1586,"minecraft:jump":841,"minecraft:leave_game":2,"minecraft:walk_on_water_one_cm":181,"minecraft:time_since_death":19016,"minecraft:climb_one_cm":770,"minecraft:total_world_time":19016,"minecraft:fall_one_cm":28866}},"DataVersion":3955}