{"stats":{"minecraft:mined":{"minecraft:short_grass":24,"minecraft:coal_ore":10,"minecraft:grass_block":2,"minecraft:oak_log":5,"minecraft:tall_grass":11,"minecraft:stone":6,"minecraft:dandelion":1,"minecraft:crafting_table":1,"minecraft:oak_leaves":1},"minecraft:picked_up":{"minecraft:crafting_table":1,"minecraft:bone":1,"minecraft:wheat_seeds":4,"minecraft:oak_log":5,"minecraft:coal":10,"minecraft:oak_planks":9,"minecraft:dirt":2,"minecraft:cobblestone":6},"minecraft:dropped":{"minecraft:oak_planks":9,"minecraft:wheat_seeds":1},"minecraft:crafted":{"minecraft:oak_planks":20,"minecraft:crafting_table":1,"minecraft:stick":8,"minecraft:stone_pickaxe":1,"minecraft:wooden_pickaxe":1},"minecraft:custom":{"minecraft:time_since_rest":5707,"minecraft:crouch_one_cm":1152,"minecraft:play_time":5707,"minecraft:sprint_one_cm":18482,"minecraft:damage_taken":20,"minecraft:walk_one_cm":4990,"minecraft:sneak_time":1137,"minecraft:drop":2,"minecraft:jump":175,"minecraft:leave_game":1,"minecraft:time_since_death":5707,"minecraft:total_world_time":5707,"minecraft:interact_with_crafting_table":4,"minecraft:fall_one_cm":5002,"minecraft:fly_one_cm":53453},"minecraft:used":{"minecraft:dirt":2,"minecraft:cobblestone":3,"minecraft:crafting_table":2,"minecraft:stone_pickaxe":15,"minecraft:wooden_pickaxe":3}},"DataVersion":3955}