{"stats":{"minecraft:custom":{"minecraft:time_since_rest":4288,"minecraft:open_chest":2,"minecraft:crouch_one_cm":1213,"minecraft:play_time":4288,"minecraft:sprint_one_cm":13440,"minecraft:damage_taken":10,"minecraft:walk_one_cm":6355,"minecraft:sneak_time":459,"minecraft:jump":113,"minecraft:time_since_death":4288,"minecraft:total_world_time":4288,"minecraft:interact_with_crafting_table":2,"minecraft:fall_one_cm":4063,"minecraft:fly_one_cm":36870},"minecraft:mined":{"variantvanillablocks:spruce_crafting_table":1,"minecraft:copper_ore":5,"minecraft:stone":9,"minecraft:spruce_leaves":1,"minecraft:spruce_log":8,"minecraft:oak_leaves":1},"minecraft:crafted":{"variantvanillablocks:spruce_crafting_table":1,"minecraft:spruce_planks":28,"minecraft:stick":4,"minecraft:wooden_pickaxe":1,"minecraft:stone_pickaxe":1},"minecraft:used":{"variantvanillablocks:spruce_crafting_table":1,"minecraft:stone_pickaxe":6,"minecraft:wooden_pickaxe":8,"minecraft:egg":1},"minecraft:picked_up":{"minecraft:raw_copper":21,"variantvanillablocks:spruce_crafting_table":1,"minecraft:spruce_log":7,"minecraft:cobblestone":8,"minecraft:egg":1}},"DataVersion":3955}