{"stats":{"minecraft:picked_up":{"minecraft:andesite":3,"minecraft:flint":3,"minecraft:tuff":52,"minecraft:string":2,"minecraft:raw_copper":24,"variantvanillablocks:spruce_crafting_table":7,"minecraft:cobbled_deepslate":344,"minecraft:raw_gold":11,"minecraft:spruce_planks":13,"minecraft:iron_ingot":6,"minecraft:egg":1,"minecraft:furnace":2,"minecraft:raw_iron":14,"minecraft:torch":15,"minecraft:gravel":14,"minecraft:spruce_sapling":1,"minecraft:diorite":18,"minecraft:spruce_log":17,"minecraft:redstone":13,"minecraft:mossy_cobblestone":2,"minecraft:rotten_flesh":1,"minecraft:diamond":7,"supplementaries:ash":6,"minecraft:coal":52,"minecraft:cobblestone":130},"minecraft:mined":{"minecraft:deepslate_redstone_ore":3,"minecraft:tuff":53,"minecraft:mossy_cobblestone":2,"minecraft:deepslate_diamond_ore":7,"minecraft:torch":7,"minecraft:copper_ore":5,"minecraft:cobblestone":7,"minecraft:spruce_leaves":2,"minecraft:deepslate_gold_ore":11,"minecraft:diorite":18,"minecraft:wall_torch":6,"supplementaries:urn":1,"minecraft:furnace":2,"minecraft:iron_ore":9,"minecraft:spruce_log":16,"minecraft:andesite":3,"minecraft:coal_ore":36,"minecraft:deepslate_iron_ore":5,"variantvanillablocks:spruce_crafting_table":7,"minecraft:gravel":15,"minecraft:stone":122,"minecraft:oak_leaves":1,"minecraft:deepslate":345,"minecraft:infested_stone":1},"minecraft:killed":{"minecraft:spider":2,"minecraft:silverfish":1},"minecraft:broken":{"minecraft:stone_pickaxe":2,"minecraft:iron_pickaxe":1},"minecraft:crafted":{"variantvanillablocks:spruce_crafting_table":1,"minecraft:spruce_planks":36,"minecraft:wooden_pickaxe":1,"minecraft:furnace":1,"minecraft:stone_axe":1,"minecraft:air":0,"minecraft:diamond_helmet":1,"minecraft:charcoal":6,"minecraft:stick":28,"minecraft:iron_ingot":3,"minecraft:stone_pickaxe":2,"minecraft:iron_pickaxe":2,"minecraft:torch":64},"minecraft:dropped":{"minecraft:raw_copper":3},"minecraft:used":{"minecraft:diorite":2,"minecraft:stone_pickaxe":262,"minecraft:wooden_pickaxe":8,"minecraft:rotten_flesh":3,"minecraft:torch":70,"minecraft:diamond_helmet":1,"variantvanillablocks:spruce_crafting_table":7,"minecraft:bread":1,"minecraft:iron_pickaxe":382,"minecraft:stone_axe":25,"minecraft:furnace":2,"minecraft:egg":1},"minecraft:custom":{"minecraft:interact_with_furnace":20,"minecraft:mob_kills":3,"minecraft:interact_with_crafting_table":10,"minecraft:leave_game":3,"minecraft:time_since_death":34069,"minecraft:time_since_rest":34069,"minecraft:sprint_one_cm":35808,"minecraft:damage_taken":98,"minecraft:walk_one_cm":51631,"minecraft:drop":3,"minecraft:damage_dealt":410,"minecraft:fly_one_cm":51281,"minecraft:open_chest":8,"minecraft:crouch_one_cm":17021,"minecraft:play_time":34069,"minecraft:sneak_time":6428,"minecraft:jump":282,"minecraft:total_world_time":34069,"minecraft:fall_one_cm":5859}},"DataVersion":3955}