{"stats":{"minecraft:killed":{"minecraft:spider":2,"minecraft:zombie":3,"minecraft:silverfish":1},"minecraft:dropped":{"minecraft:raw_copper":3,"minecraft:diorite":16},"minecraft:broken":{"minecraft:stone_pickaxe":2,"minecraft:iron_pickaxe":2},"minecraft:mined":{"minecraft:deepslate_redstone_ore":3,"minecraft:tuff":65,"minecraft:mossy_cobblestone":2,"minecraft:deepslate_diamond_ore":7,"minecraft:torch":7,"minecraft:copper_ore":5,"minecraft:cobblestone":7,"minecraft:lapis_ore":6,"minecraft:spruce_leaves":2,"minecraft:deepslate_gold_ore":11,"minecraft:diorite":18,"minecraft:wall_torch":9,"supplementaries:urn":2,"minecraft:redstone_ore":5,"minecraft:furnace":2,"minecraft:iron_ore":19,"minecraft:spruce_log":16,"minecraft:andesite":3,"minecraft:deepslate_lapis_ore":1,"minecraft:coal_ore":44,"minecraft:deepslate_iron_ore":7,"variantvanillablocks:spruce_crafting_table":8,"minecraft:gravel":15,"minecraft:stone":129,"minecraft:oak_leaves":1,"minecraft:deepslate":423,"minecraft:infested_stone":1},"minecraft:picked_up":{"minecraft:andesite":3,"minecraft:flint":3,"minecraft:tuff":64,"minecraft:lapis_lazuli":50,"minecraft:string":2,"minecraft:raw_copper":24,"variantvanillablocks:spruce_crafting_table":8,"minecraft:cobbled_deepslate":422,"minecraft:raw_gold":11,"minecraft:spruce_planks":13,"minecraft:iron_ingot":6,"minecraft:furnace":2,"minecraft:egg":1,"minecraft:raw_iron":26,"minecraft:torch":18,"minecraft:gravel":14,"minecraft:spruce_sapling":1,"minecraft:diorite":18,"minecraft:spruce_log":17,"minecraft:redstone":35,"minecraft:mossy_cobblestone":2,"minecraft:rotten_flesh":3,"minecraft:diamond":7,"supplementaries:ash":10,"minecraft:coal":60,"minecraft:cobblestone":137},"minecraft:custom":{"minecraft:interact_with_furnace":20,"minecraft:mob_kills":6,"minecraft:interact_with_crafting_table":11,"minecraft:leave_game":3,"minecraft:time_since_death":39914,"minecraft:time_since_rest":39914,"minecraft:sprint_one_cm":39686,"minecraft:damage_taken":262,"minecraft:walk_one_cm":60362,"minecraft:drop":4,"minecraft:damage_dealt":1010,"minecraft:fly_one_cm":55281,"minecraft:open_chest":8,"minecraft:crouch_one_cm":20064,"minecraft:play_time":39914,"minecraft:sneak_time":8145,"minecraft:jump":406,"minecraft:total_world_time":39914,"minecraft:fall_one_cm":6612},"minecraft:crafted":{"variantvanillablocks:spruce_crafting_table":1,"minecraft:spruce_planks":36,"minecraft:wooden_pickaxe":1,"minecraft:furnace":1,"minecraft:stone_axe":1,"minecraft:air":0,"minecraft:diamond_helmet":1,"minecraft:charcoal":6,"minecraft:stick":40,"minecraft:iron_ingot":3,"minecraft:stone_pickaxe":2,"minecraft:iron_pickaxe":3,"minecraft:torch":104},"minecraft:used":{"minecraft:diorite":2,"minecraft:stone_pickaxe":262,"minecraft:wooden_pickaxe":8,"minecraft:rotten_flesh":7,"minecraft:torch":94,"minecraft:diamond_helmet":1,"variantvanillablocks:spruce_crafting_table":8,"minecraft:bread":1,"minecraft:iron_pickaxe":514,"minecraft:stone_axe":34,"minecraft:furnace":2,"minecraft:egg":1}},"DataVersion":3955}