{"stats":{"minecraft:custom":{"minecraft:interact_with_furnace":13,"minecraft:mob_kills":8,"minecraft:interact_with_crafting_table":17,"minecraft:leave_game":1,"minecraft:time_since_death":28829,"minecraft:time_since_rest":28829,"minecraft:sprint_one_cm":116223,"minecraft:damage_taken":754,"minecraft:walk_one_cm":45616,"minecraft:damage_blocked_by_shield":187,"minecraft:drop":4,"minecraft:damage_dealt":1481,"minecraft:swim_one_cm":8547,"minecraft:fly_one_cm":240343,"minecraft:open_chest":9,"minecraft:crouch_one_cm":10860,"minecraft:play_time":28829,"minecraft:sneak_time":3796,"minecraft:walk_under_water_one_cm":912,"minecraft:jump":1032,"minecraft:walk_on_water_one_cm":556,"minecraft:total_world_time":28829,"minecraft:fall_one_cm":30811},"minecraft:mined":{"minecraft:red_bed":1,"minecraft:spruce_door":1,"minecraft:dandelion":1,"minecraft:granite":2,"minecraft:short_grass":12,"minecraft:grass_block":1,"minecraft:chest":2,"minecraft:tall_grass":3,"minecraft:diorite":2,"minecraft:hay_block":5,"minecraft:furnace":1,"minecraft:iron_ore":16,"minecraft:spruce_log":6,"minecraft:oak_log":5,"minecraft:coal_ore":34,"variantvanillablocks:spruce_crafting_table":1,"minecraft:dirt":1,"minecraft:stone":54},"minecraft:dropped":{"minecraft:iron_sword":1,"minecraft:wheat_seeds":6,"minecraft:dandelion":1},"minecraft:crafted":{"minecraft:oak_planks":16,"variantvanillablocks:spruce_crafting_table":2,"minecraft:crafting_table":1,"minecraft:spruce_planks":24,"minecraft:wooden_pickaxe":1,"minecraft:baked_potato":6,"minecraft:iron_sword":1,"minecraft:spruce_door":3,"minecraft:furnace":1,"minecraft:stone_axe":1,"minecraft:bread":12,"minecraft:cooked_mutton":4,"minecraft:air":0,"minecraft:iron_chestplate":1,"minecraft:wooden_hoe":1,"minecraft:shield":1,"minecraft:stick":12,"minecraft:iron_ingot":8,"minecraft:stone_pickaxe":2,"minecraft:wheat":36},"minecraft:killed":{"minecraft:spider":1,"minecraft:sheep":2,"minecraft:skeleton":1,"minecraft:zombie":4},"minecraft:used":{"minecraft:cooked_mutton":1,"minecraft:diorite":2,"minecraft:spruce_door":1,"minecraft:stone_pickaxe":103,"minecraft:baked_potato":3,"minecraft:shield":7,"minecraft:wooden_pickaxe":6,"minecraft:iron_sword":32,"minecraft:rotten_flesh":1,"minecraft:dirt":2,"minecraft:crafting_table":1,"minecraft:granite":2,"variantvanillablocks:spruce_crafting_table":2,"minecraft:wooden_hoe":3,"minecraft:apple":4,"minecraft:bread":12,"minecraft:stone_axe":1,"minecraft:cobblestone":34,"minecraft:hay_block":2,"minecraft:furnace":1},"minecraft:picked_up":{"minecraft:wheat":1,"minecraft:potato":4,"minecraft:oak_log":4,"minecraft:dirt":2,"minecraft:red_bed":1,"variantvanillablocks:spruce_crafting_table":1,"minecraft:wheat_seeds":6,"minecraft:iron_ingot":4,"minecraft:chest":2,"minecraft:iron_sword":1,"minecraft:furnace":1,"minecraft:raw_iron":18,"minecraft:dandelion":1,"minecraft:diorite":5,"minecraft:spruce_log":6,"minecraft:spruce_door":1,"minecraft:rotten_flesh":2,"minecraft:hay_block":6,"minecraft:granite":2,"minecraft:emerald":4,"minecraft:black_wool":1,"minecraft:mutton":4,"minecraft:coal":53,"minecraft:white_wool":1,"minecraft:cobblestone":54}},"DataVersion":3955}