{"stats":{"minecraft:custom":{"minecraft:time_since_rest":22829,"minecraft:interact_with_furnace":8,"minecraft:sprint_one_cm":92865,"minecraft:damage_taken":644,"minecraft:walk_one_cm":33679,"minecraft:damage_blocked_by_shield":30,"minecraft:mob_kills":6,"minecraft:drop":3,"minecraft:damage_dealt":1161,"minecraft:interact_with_crafting_table":10,"minecraft:fly_one_cm":213917,"minecraft:open_chest":9,"minecraft:crouch_one_cm":8076,"minecraft:play_time":22829,"minecraft:sneak_time":3029,"minecraft:jump":853,"minecraft:leave_game":1,"minecraft:walk_on_water_one_cm":182,"minecraft:time_since_death":22829,"minecraft:total_world_time":22829,"minecraft:fall_one_cm":22585},"minecraft:dropped":{"minecraft:iron_sword":1,"minecraft:wheat_seeds":4,"minecraft:dandelion":1},"minecraft:mined":{"minecraft:hay_block":5,"minecraft:red_bed":1,"minecraft:spruce_log":6,"minecraft:dandelion":1,"minecraft:granite":2,"minecraft:short_grass":12,"minecraft:coal_ore":34,"minecraft:grass_block":1,"minecraft:oak_log":5,"minecraft:chest":2,"minecraft:dirt":1,"minecraft:tall_grass":3,"minecraft:stone":52,"minecraft:diorite":2},"minecraft:crafted":{"minecraft:oak_planks":16,"minecraft:wooden_hoe":1,"minecraft:shield":1,"variantvanillablocks:spruce_crafting_table":2,"minecraft:crafting_table":1,"minecraft:spruce_planks":20,"minecraft:stick":8,"minecraft:wooden_pickaxe":1,"minecraft:stone_pickaxe":1,"minecraft:iron_sword":1,"minecraft:furnace":1,"minecraft:air":0,"minecraft:cooked_mutton":4,"minecraft:bread":12,"minecraft:wheat":36},"minecraft:killed":{"minecraft:sheep":2,"minecraft:zombie":3,"minecraft:spider":1},"minecraft:used":{"minecraft:cooked_mutton":1,"variantvanillablocks:spruce_crafting_table":2,"minecraft:wooden_hoe":3,"minecraft:diorite":2,"minecraft:apple":4,"minecraft:bread":12,"minecraft:stone_pickaxe":84,"minecraft:wooden_pickaxe":6,"minecraft:shield":1,"minecraft:iron_sword":26,"minecraft:rotten_flesh":1,"minecraft:dirt":2,"minecraft:hay_block":2,"minecraft:crafting_table":1,"minecraft:furnace":1},"minecraft:picked_up":{"minecraft:wheat":1,"minecraft:dandelion":1,"minecraft:potato":4,"minecraft:diorite":2,"minecraft:oak_log":4,"minecraft:spruce_log":6,"minecraft:dirt":2,"minecraft:red_bed":1,"minecraft:rotten_flesh":2,"minecraft:wheat_seeds":6,"minecraft:hay_block":6,"minecraft:granite":2,"minecraft:iron_ingot":3,"minecraft:emerald":4,"minecraft:black_wool":1,"minecraft:coal":34,"minecraft:iron_sword":1,"minecraft:chest":2,"minecraft:mutton":4,"minecraft:cobblestone":52,"minecraft:white_wool":1}},"DataVersion":3955}