{"stats":{"minecraft:killed":{"minecraft:cave_spider":20,"minecraft:bogged":29,"minecraft:spider":5,"minecraft:skeleton":3,"minecraft:sheep":2,"minecraft:zombie":8,"minecraft:breeze":6},"minecraft:dropped":{"minecraft:iron_sword":3,"minecraft:wheat_seeds":6,"minecraft:ominous_bottle":1,"minecraft:cobblestone":2,"minecraft:waxed_copper_grate":4,"minecraft:polished_tuff":4,"minecraft:waxed_oxidized_copper_bulb":1,"minecraft:honeycomb":4,"minecraft:spruce_door":1,"minecraft:stone_button":1,"minecraft:dispenser":1,"minecraft:wooden_hoe":1,"minecraft:scrape_pottery_sherd":1,"minecraft:waxed_copper_bulb":1,"minecraft:snowball":2,"minecraft:fire_charge":16,"minecraft:amethyst_shard":2,"minecraft:string":17,"minecraft:white_wool":1,"minecraft:dandelion":1,"minecraft:smooth_basalt":1,"minecraft:stone_axe":1,"minecraft:tuff_bricks":14,"minecraft:chiseled_tuff_bricks":3,"minecraft:cobbled_deepslate":3,"minecraft:tuff":5,"minecraft:guster_banner_pattern":1,"minecraft:cooked_mutton":3,"minecraft:waxed_copper_block":1,"supplementaries:flax_seeds":7,"supplementaries:ash":23,"minecraft:tipped_arrow":2,"minecraft:oak_button":1,"minecraft:chest":1,"minecraft:spider_eye":2,"minecraft:chiseled_tuff":2,"minecraft:arrow":6,"minecraft:calcite":3,"minecraft:black_wool":1,"minecraft:waxed_oxidized_copper_grate":1,"minecraft:brick":116},"minecraft:broken":{"minecraft:stone_pickaxe":1,"minecraft:iron_sword":1},"minecraft:killed_by":{"minecraft:bogged":1,"minecraft:breeze":1},"minecraft:mined":{"minecraft:tuff":40,"minecraft:mossy_cobblestone":4,"minecraft:deepslate_diamond_ore":9,"minecraft:waxed_oxidized_chiseled_copper":1,"minecraft:granite":2,"minecraft:grass_block":1,"minecraft:decorated_pot":30,"minecraft:white_concrete":1,"minecraft:chiseled_tuff_bricks":4,"minecraft:red_mushroom":2,"minecraft:tuff_bricks":31,"minecraft:spawner":1,"minecraft:hay_block":5,"minecraft:waxed_oxidized_cut_copper":1,"minecraft:furnace":3,"minecraft:iron_ore":61,"minecraft:waxed_copper_grate":5,"minecraft:cobbled_deepslate":7,"minecraft:polished_tuff":5,"minecraft:waxed_oxidized_copper_bulb":1,"minecraft:deepslate_lapis_ore":1,"minecraft:chiseled_tuff":2,"minecraft:deepslate_iron_ore":5,"minecraft:polished_tuff_slab":1,"variantvanillablocks:spruce_crafting_table":3,"minecraft:stone":60,"minecraft:bone_block":2,"minecraft:red_bed":3,"minecraft:amethyst_cluster":1,"minecraft:dandelion":1,"minecraft:spruce_door":2,"minecraft:short_grass":12,"minecraft:calcite":3,"minecraft:chest":2,"minecraft:tall_grass":3,"minecraft:red_glazed_terracotta":1,"minecraft:deepslate_gold_ore":5,"minecraft:oak_planks":1,"minecraft:diorite":5,"minecraft:amethyst_block":6,"supplementaries:urn":18,"minecraft:waxed_copper_bulb":2,"minecraft:waxed_oxidized_copper_grate":2,"minecraft:spruce_log":6,"minecraft:waxed_copper_block":1,"minecraft:oak_log":8,"minecraft:coal_ore":34,"minecraft:flower_pot":1,"minecraft:dirt":1,"minecraft:cobweb":31,"minecraft:smooth_basalt":1,"minecraft:dispenser":1,"minecraft:oak_leaves":1,"minecraft:deepslate":94},"minecraft:picked_up":{"minecraft:waxed_oxidized_cut_copper":1,"minecraft:wheat":1,"minecraft:ominous_bottle":1,"minecraft:flower_pot":1,"supplementaries:bomb_blue":1,"minecraft:wooden_pickaxe":1,"minecraft:enchanted_book":1,"minecraft:brick":116,"minecraft:wind_charge":4,"minecraft:string":31,"minecraft:red_bed":3,"minecraft:iron_axe":1,"variantvanillablocks:spruce_crafting_table":3,"minecraft:cobbled_deepslate":101,"minecraft:gold_nugget":27,"minecraft:trial_key":4,"minecraft:chiseled_tuff":2,"minecraft:calcite":3,"minecraft:guster_pottery_sherd":1,"minecraft:chest":2,"minecraft:furnace":3,"minecraft:tipped_arrow":32,"minecraft:raw_iron":96,"minecraft:fire_charge":8,"minecraft:flow_pottery_sherd":1,"minecraft:stone_button":1,"minecraft:waxed_copper_grate":6,"minecraft:diorite":8,"minecraft:waxed_oxidized_chiseled_copper":1,"minecraft:arrow":74,"minecraft:rotten_flesh":9,"minecraft:hay_block":6,"supplementaries:ash":23,"minecraft:tuff_bricks":14,"minecraft:mutton":4,"minecraft:bone_block":2,"minecraft:snowball":5,"minecraft:white_wool":1,"minecraft:cobblestone":63,"minecraft:cooked_beef":3,"minecraft:red_mushroom":2,"minecraft:potato":4,"minecraft:waxed_copper_bulb":1,"minecraft:tuff":37,"minecraft:oak_log":7,"minecraft:waxed_copper_block":1,"supplementaries:flax_seeds":7,"minecraft:lapis_lazuli":9,"minecraft:dirt":2,"minecraft:cooked_mutton":2,"minecraft:bone":45,"minecraft:bow":3,"minecraft:wheat_seeds":6,"minecraft:raw_gold":13,"minecraft:iron_ingot":26,"minecraft:cooked_chicken":3,"minecraft:cobweb":2,"minecraft:guster_banner_pattern":2,"minecraft:scrape_pottery_sherd":1,"minecraft:iron_sword":3,"minecraft:oak_planks":1,"minecraft:smooth_basalt":1,"minecraft:emerald_block":2,"minecraft:waxed_oxidized_copper_bulb":1,"minecraft:dandelion":1,"minecraft:amethyst_shard":4,"minecraft:spruce_log":6,"minecraft:spruce_door":2,"minecraft:spider_eye":3,"minecraft:polished_tuff":4,"minecraft:mossy_cobblestone":4,"minecraft:dispenser":1,"minecraft:diamond":9,"minecraft:stone_axe":1,"minecraft:waxed_oxidized_copper_grate":2,"minecraft:granite":2,"minecraft:breeze_rod":8,"minecraft:white_concrete":1,"minecraft:emerald":48,"minecraft:bread":12,"minecraft:oak_button":1,"minecraft:baked_potato":2,"minecraft:black_wool":1,"minecraft:coal":105,"minecraft:chiseled_tuff_bricks":3},"minecraft:custom":{"minecraft:mob_kills":74,"minecraft:interact_with_crafting_table":27,"minecraft:open_barrel":7,"minecraft:eat_cake_slice":7,"minecraft:leave_game":4,"minecraft:time_since_death":22916,"minecraft:climb_one_cm":2348,"minecraft:sprint_one_cm":367105,"minecraft:walk_one_cm":219016,"minecraft:damage_blocked_by_shield":1363,"minecraft:drop":72,"minecraft:play_time":87869,"minecraft:deaths":4,"minecraft:sneak_time":11351,"minecraft:walk_under_water_one_cm":1115,"minecraft:jump":2646,"minecraft:walk_on_water_one_cm":15213,"minecraft:total_world_time":87869,"minecraft:interact_with_furnace":26,"minecraft:sleep_in_bed":2,"minecraft:time_since_rest":22925,"minecraft:damage_taken":2985,"minecraft:damage_dealt":10759,"minecraft:swim_one_cm":9269,"minecraft:fly_one_cm":535632,"minecraft:open_chest":31,"minecraft:crouch_one_cm":30222,"minecraft:fall_one_cm":74879,"minecraft:inspect_dispenser":18},"minecraft:used":{"minecraft:chest":1,"minecraft:shield":40,"minecraft:iron_sword":319,"minecraft:cooked_chicken":3,"minecraft:rotten_flesh":9,"minecraft:trial_key":4,"minecraft:dirt":2,"minecraft:waxed_oxidized_chiseled_copper":1,"minecraft:tuff":32,"minecraft:granite":2,"minecraft:snowball":3,"variantvanillablocks:spruce_crafting_table":5,"minecraft:iron_axe":2,"supplementaries:bomb_blue":1,"minecraft:bow":2,"minecraft:hay_block":2,"minecraft:furnace":3,"minecraft:cooked_beef":3,"minecraft:cobbled_deepslate":96,"minecraft:cooked_mutton":3,"minecraft:diorite":8,"minecraft:spruce_door":4,"minecraft:stone_pickaxe":210,"minecraft:baked_potato":6,"minecraft:waxed_oxidized_cut_copper":1,"minecraft:wooden_pickaxe":6,"minecraft:mossy_cobblestone":4,"minecraft:crafting_table":1,"minecraft:red_bed":3,"minecraft:shears":3,"minecraft:cake":1,"minecraft:wooden_hoe":3,"minecraft:apple":4,"minecraft:wind_charge":4,"minecraft:bread":22,"minecraft:iron_pickaxe":196,"minecraft:stone_axe":9,"minecraft:cobblestone":44,"minecraft:white_concrete":1},"minecraft:crafted":{"minecraft:oak_planks":16,"minecraft:furnace":1,"minecraft:cooked_mutton":4,"minecraft:iron_boots":1,"minecraft:stone_pickaxe":2,"minecraft:wheat":36,"variantvanillablocks:spruce_crafting_table":2,"minecraft:crafting_table":1,"minecraft:spruce_planks":24,"minecraft:iron_helmet":1,"minecraft:wooden_pickaxe":1,"minecraft:baked_potato":6,"minecraft:iron_sword":2,"minecraft:spruce_door":3,"minecraft:stone_axe":1,"minecraft:bread":12,"minecraft:air":0,"minecraft:iron_chestplate":1,"minecraft:wooden_hoe":1,"minecraft:shield":1,"minecraft:stick":16,"minecraft:iron_ingot":34,"minecraft:iron_pickaxe":1,"minecraft:iron_leggings":1,"minecraft:shears":1}},"DataVersion":3955}