{"stats":{"minecraft:custom":{"minecraft:time_since_rest":28557,"minecraft:sprint_one_cm":92563,"minecraft:damage_taken":697,"minecraft:walk_one_cm":98589,"minecraft:mob_kills":5,"minecraft:damage_dealt":495,"minecraft:interact_with_crafting_table":1,"minecraft:fly_one_cm":85363,"minecraft:open_barrel":1,"minecraft:open_chest":8,"minecraft:crouch_one_cm":1241,"minecraft:play_time":33991,"minecraft:deaths":2,"minecraft:sneak_time":276,"minecraft:jump":454,"minecraft:leave_game":7,"minecraft:time_since_death":28529,"minecraft:total_world_time":33991,"minecraft:climb_one_cm":4428,"minecraft:fall_one_cm":10142},"minecraft:mined":{"minecraft:red_bed":2,"minecraft:wheat":43,"minecraft:spruce_log":9,"minecraft:spruce_trapdoor":1,"minecraft:short_grass":3,"minecraft:oak_log":1,"minecraft:vine":1,"minecraft:tall_grass":1,"minecraft:spruce_leaves":2},"minecraft:crafted":{"variantvanillablocks:spruce_crafting_table":2,"minecraft:spruce_planks":36,"minecraft:stone_sword":1},"minecraft:killed":{"minecraft:chicken":2,"minecraft:cow":3},"minecraft:used":{"variantvanillablocks:spruce_crafting_table":1,"minecraft:stone_sword":9,"minecraft:chicken":1,"minecraft:spruce_trapdoor":1,"minecraft:cobblestone":4,"minecraft:beef":5},"minecraft:killed_by":{"minecraft:zombie":2},"minecraft:picked_up":{"minecraft:wheat":43,"minecraft:feather":2,"minecraft:chicken":2,"minecraft:leather":2,"minecraft:oak_log":1,"minecraft:spruce_log":9,"minecraft:red_bed":2,"minecraft:wheat_seeds":118,"minecraft:beef":5,"minecraft:spruce_trapdoor":1}},"DataVersion":3955}