{"stats":{"minecraft:killed_by":{"minecraft:skeleton":1,"minecraft:zombie":2},"minecraft:mined":{"minecraft:tuff":10,"minecraft:flowering_azalea":1,"minecraft:red_bed":3,"minecraft:deepslate_diamond_ore":3,"minecraft:clay":11,"minecraft:spruce_trapdoor":1,"minecraft:short_grass":16,"minecraft:tall_grass":3,"minecraft:cobblestone":1,"minecraft:spruce_leaves":4,"minecraft:lapis_ore":2,"minecraft:moss_block":7,"supplementaries:urn":1,"minecraft:furnace":1,"minecraft:iron_ore":32,"minecraft:wheat":43,"minecraft:spruce_log":48,"minecraft:andesite":22,"minecraft:moss_carpet":1,"minecraft:deepslate_lapis_ore":5,"variantvanillablocks:spruce_chest":1,"minecraft:oak_log":9,"minecraft:coal_ore":87,"minecraft:deepslate_iron_ore":5,"minecraft:vine":1,"variantvanillablocks:spruce_crafting_table":1,"minecraft:stone":149,"minecraft:small_dripleaf":1,"minecraft:deepslate":50,"minecraft:fern":1},"minecraft:picked_up":{"minecraft:wheat":44,"minecraft:feather":4,"minecraft:redstone_block":1,"minecraft:chicken":4,"minecraft:clay_ball":51,"minecraft:andesite":22,"minecraft:leather":4,"minecraft:enchanted_book":1,"minecraft:tuff":10,"minecraft:oak_log":18,"minecraft:lapis_lazuli":31,"minecraft:paper":3,"minecraft:red_bed":4,"minecraft:moss_carpet":25,"variantvanillablocks:spruce_crafting_table":1,"universal_graves:grave_compass":1,"minecraft:bone":2,"minecraft:wheat_seeds":239,"minecraft:cobbled_deepslate":48,"minecraft:spruce_planks":8,"minecraft:iron_ingot":1,"minecraft:beef":5,"minecraft:moss_block":10,"minecraft:spruce_trapdoor":1,"minecraft:flowering_azalea":2,"minecraft:furnace":1,"minecraft:book":6,"minecraft:stick":1,"minecraft:raw_iron":37,"minecraft:sweet_berries":10,"minecraft:spruce_log":85,"minecraft:rotten_flesh":2,"minecraft:arrow":3,"minecraft:diamond":3,"variantvanillablocks:spruce_chest":1,"supplementaries:ash":5,"minecraft:coal":105,"minecraft:cobblestone":172},"minecraft:killed":{"minecraft:skeleton":2,"minecraft:zombie":3,"minecraft:chicken":4,"minecraft:player":1,"minecraft:cow":3},"minecraft:broken":{"minecraft:stone_pickaxe":1},"minecraft:crafted":{"minecraft:oak_planks":36,"variantvanillablocks:spruce_crafting_table":3,"minecraft:crafting_table":1,"minecraft:spruce_planks":188,"minecraft:iron_helmet":1,"minecraft:wooden_pickaxe":1,"minecraft:iron_sword":1,"minecraft:furnace":1,"variantvanillablocks:oak_chest":2,"minecraft:bread":14,"minecraft:air":0,"variantvanillablocks:spruce_chest":1,"minecraft:iron_boots":1,"minecraft:shield":1,"minecraft:stick":24,"minecraft:iron_ingot":32,"minecraft:iron_pickaxe":1,"minecraft:stone_pickaxe":2,"minecraft:wooden_axe":1,"minecraft:stone_sword":1,"minecraft:iron_leggings":1,"minecraft:torch":44},"minecraft:dropped":{"universal_graves:grave_compass":3},"minecraft:used":{"minecraft:stone_sword":16,"variantvanillablocks:oak_chest":2,"minecraft:stone_pickaxe":226,"minecraft:wooden_pickaxe":14,"minecraft:iron_sword":30,"minecraft:torch":16,"minecraft:crafting_table":1,"minecraft:red_bed":2,"variantvanillablocks:spruce_crafting_table":4,"minecraft:wooden_axe":61,"minecraft:chicken":1,"minecraft:bread":14,"minecraft:iron_pickaxe":162,"minecraft:spruce_trapdoor":1,"minecraft:cobblestone":73,"minecraft:beef":5,"variantvanillablocks:spruce_chest":2,"minecraft:sweet_berries":10,"minecraft:furnace":2,"minecraft:cobbled_deepslate":14},"minecraft:custom":{"minecraft:interact_with_furnace":13,"minecraft:mob_kills":12,"minecraft:interact_with_crafting_table":21,"minecraft:open_barrel":2,"minecraft:leave_game":8,"minecraft:time_since_death":47254,"minecraft:climb_one_cm":5012,"minecraft:time_since_rest":47263,"minecraft:sprint_one_cm":277204,"minecraft:damage_taken":1316,"minecraft:walk_one_cm":260924,"minecraft:drop":3,"minecraft:damage_dealt":1937,"minecraft:player_kills":1,"minecraft:talked_to_villager":1,"minecraft:swim_one_cm":14945,"minecraft:fly_one_cm":204550,"minecraft:open_chest":30,"minecraft:crouch_one_cm":2416,"minecraft:play_time":87267,"minecraft:deaths":3,"minecraft:sneak_time":634,"minecraft:walk_under_water_one_cm":2118,"minecraft:jump":1502,"minecraft:walk_on_water_one_cm":9600,"minecraft:total_world_time":87267,"minecraft:fall_one_cm":29508}},"DataVersion":3955}