{"stats":{"minecraft:mined":{"minecraft:tall_grass":1,"minecraft:short_grass":2},"minecraft:killed_by":{"minecraft:zombie":2},"minecraft:picked_up":{"minecraft:wheat_seeds":1},"minecraft:custom":{"minecraft:jump":128,"minecraft:open_chest":3,"minecraft:time_since_rest":8087,"minecraft:damage_taken":485,"minecraft:crouch_one_cm":755,"minecraft:leave_game":6,"minecraft:play_time":13521,"minecraft:sprint_one_cm":24240,"minecraft:time_since_death":8059,"minecraft:walk_one_cm":19763,"minecraft:deaths":2,"minecraft:sneak_time":151,"minecraft:total_world_time":13521,"minecraft:climb_one_cm":2960,"minecraft:fall_one_cm":1521,"minecraft:fly_one_cm":23192,"minecraft:damage_dealt":86}},"DataVersion":3955}