{"stats":{"minecraft:killed":{"minecraft:skeleton":2,"minecraft:zombie":4,"minecraft:chicken":4,"minecraft:player":1,"minecraft:cow":3},"minecraft:dropped":{"universal_graves:grave_compass":3},"minecraft:broken":{"minecraft:stone_pickaxe":1},"minecraft:killed_by":{"minecraft:skeleton":1,"minecraft:zombie":2},"minecraft:mined":{"minecraft:tuff":10,"minecraft:flowering_azalea":2,"minecraft:red_bed":3,"minecraft:deepslate_diamond_ore":3,"minecraft:clay":11,"minecraft:spruce_trapdoor":1,"minecraft:short_grass":16,"minecraft:tall_grass":3,"minecraft:cobblestone":1,"minecraft:spruce_leaves":4,"minecraft:lapis_ore":2,"minecraft:moss_block":7,"supplementaries:urn":1,"minecraft:furnace":1,"minecraft:iron_ore":32,"minecraft:wheat":43,"minecraft:spruce_log":48,"minecraft:andesite":22,"minecraft:moss_carpet":1,"minecraft:deepslate_lapis_ore":5,"variantvanillablocks:spruce_chest":1,"minecraft:oak_log":9,"minecraft:coal_ore":87,"minecraft:deepslate_iron_ore":7,"minecraft:vine":1,"variantvanillablocks:spruce_crafting_table":1,"minecraft:azalea":1,"minecraft:stone":149,"minecraft:small_dripleaf":2,"minecraft:deepslate":58,"minecraft:fern":1},"minecraft:picked_up":{"minecraft:wheat":44,"minecraft:feather":4,"minecraft:redstone_block":1,"minecraft:chicken":4,"minecraft:clay_ball":51,"minecraft:andesite":22,"minecraft:leather":4,"minecraft:enchanted_book":1,"minecraft:tuff":10,"minecraft:oak_log":18,"minecraft:paper":3,"minecraft:lapis_lazuli":31,"minecraft:red_bed":4,"minecraft:moss_carpet":25,"variantvanillablocks:spruce_crafting_table":1,"universal_graves:grave_compass":1,"minecraft:bone":2,"minecraft:wheat_seeds":239,"minecraft:cobbled_deepslate":57,"minecraft:spruce_planks":8,"minecraft:iron_ingot":1,"minecraft:beef":5,"minecraft:moss_block":10,"minecraft:flowering_azalea":3,"minecraft:spruce_trapdoor":1,"minecraft:furnace":1,"minecraft:book":6,"minecraft:stick":1,"minecraft:raw_iron":39,"minecraft:sweet_berries":10,"minecraft:torch":11,"minecraft:spruce_log":85,"minecraft:iron_horse_armor":1,"minecraft:arrow":3,"minecraft:rotten_flesh":3,"minecraft:diamond":3,"variantvanillablocks:spruce_chest":1,"supplementaries:ash":10,"minecraft:coal":105,"minecraft:cobblestone":172},"minecraft:custom":{"minecraft:interact_with_furnace":13,"minecraft:mob_kills":13,"minecraft:interact_with_crafting_table":21,"minecraft:open_barrel":2,"minecraft:leave_game":9,"minecraft:time_since_death":49559,"minecraft:climb_one_cm":5275,"minecraft:time_since_rest":49568,"minecraft:sprint_one_cm":292319,"minecraft:damage_taken":1350,"minecraft:walk_one_cm":276841,"minecraft:drop":3,"minecraft:damage_dealt":2157,"minecraft:player_kills":1,"minecraft:swim_one_cm":14945,"minecraft:talked_to_villager":1,"minecraft:fly_one_cm":210257,"minecraft:open_chest":30,"minecraft:crouch_one_cm":2470,"minecraft:play_time":89572,"minecraft:sneak_time":639,"minecraft:deaths":3,"minecraft:walk_under_water_one_cm":2118,"minecraft:jump":1584,"minecraft:walk_on_water_one_cm":9600,"minecraft:total_world_time":89572,"minecraft:fall_one_cm":30787},"minecraft:crafted":{"minecraft:oak_planks":36,"variantvanillablocks:spruce_crafting_table":3,"minecraft:crafting_table":1,"minecraft:spruce_planks":188,"minecraft:wooden_pickaxe":1,"minecraft:iron_helmet":1,"minecraft:iron_sword":1,"minecraft:furnace":1,"variantvanillablocks:oak_chest":2,"minecraft:air":0,"minecraft:bread":14,"variantvanillablocks:spruce_chest":1,"minecraft:iron_boots":1,"minecraft:shield":1,"minecraft:stick":24,"minecraft:iron_ingot":32,"minecraft:iron_pickaxe":1,"minecraft:stone_pickaxe":2,"minecraft:wooden_axe":1,"minecraft:stone_sword":1,"minecraft:iron_leggings":1,"minecraft:torch":44},"minecraft:used":{"minecraft:stone_sword":16,"variantvanillablocks:oak_chest":2,"minecraft:stone_pickaxe":226,"minecraft:wooden_pickaxe":14,"minecraft:iron_sword":35,"minecraft:torch":22,"minecraft:crafting_table":1,"minecraft:red_bed":2,"variantvanillablocks:spruce_crafting_table":4,"minecraft:wooden_axe":61,"minecraft:chicken":1,"minecraft:bread":16,"minecraft:iron_pickaxe":179,"minecraft:spruce_trapdoor":1,"minecraft:cobblestone":73,"minecraft:beef":5,"variantvanillablocks:spruce_chest":2,"minecraft:sweet_berries":10,"minecraft:furnace":2,"minecraft:cobbled_deepslate":14}},"DataVersion":3955}