{"stats":{"minecraft:custom":{"minecraft:open_barrel":1,"minecraft:time_since_rest":22557,"minecraft:open_chest":6,"minecraft:crouch_one_cm":1179,"minecraft:sprint_one_cm":83763,"minecraft:play_time":27991,"minecraft:deaths":2,"minecraft:damage_taken":677,"minecraft:walk_one_cm":84869,"minecraft:sneak_time":220,"minecraft:mob_kills":5,"minecraft:jump":385,"minecraft:damage_dealt":495,"minecraft:leave_game":7,"minecraft:time_since_death":22529,"minecraft:climb_one_cm":4428,"minecraft:total_world_time":27991,"minecraft:interact_with_crafting_table":1,"minecraft:fall_one_cm":8584,"minecraft:fly_one_cm":78907},"minecraft:mined":{"minecraft:short_grass":2,"minecraft:vine":1,"minecraft:red_bed":2,"minecraft:tall_grass":1,"minecraft:spruce_leaves":2,"minecraft:spruce_log":9},"minecraft:crafted":{"variantvanillablocks:spruce_crafting_table":2,"minecraft:spruce_planks":36,"minecraft:stone_sword":1},"minecraft:killed":{"minecraft:chicken":2,"minecraft:cow":3},"minecraft:used":{"variantvanillablocks:spruce_crafting_table":1,"minecraft:stone_sword":9,"minecraft:cobblestone":3,"minecraft:beef":5,"minecraft:chicken":1},"minecraft:killed_by":{"minecraft:zombie":2},"minecraft:picked_up":{"minecraft:feather":2,"minecraft:chicken":2,"minecraft:leather":2,"minecraft:wheat_seeds":1,"minecraft:beef":5,"minecraft:spruce_log":9,"minecraft:red_bed":2}},"DataVersion":3955}