{"stats":{"minecraft:custom":{"minecraft:time_since_rest":9306,"minecraft:interact_with_furnace":8,"minecraft:sprint_one_cm":127106,"minecraft:damage_taken":2940,"minecraft:walk_one_cm":154423,"minecraft:mob_kills":19,"minecraft:drop":1,"minecraft:damage_dealt":2291,"minecraft:interact_with_crafting_table":4,"minecraft:fly_one_cm":314830,"minecraft:player_kills":1,"minecraft:open_chest":2,"minecraft:crouch_one_cm":4999,"minecraft:play_time":48648,"minecraft:deaths":12,"minecraft:sneak_time":1553,"minecraft:walk_under_water_one_cm":1946,"minecraft:jump":1273,"minecraft:interact_with_blast_furnace":1,"minecraft:leave_game":3,"minecraft:time_since_death":9261,"minecraft:walk_on_water_one_cm":2336,"minecraft:total_world_time":48648,"minecraft:fall_one_cm":42251},"minecraft:mined":{"minecraft:oak_fence":1,"minecraft:short_grass":17,"minecraft:coal_ore":15,"minecraft:grass_block":7,"minecraft:oak_log":9,"minecraft:dirt":17,"minecraft:tall_grass":2,"minecraft:spruce_leaves":1,"minecraft:stone":33,"minecraft:oak_leaves":1},"minecraft:dropped":{"minecraft:stone_sword":1},"minecraft:crafted":{"minecraft:cooked_beef":3,"minecraft:oak_planks":32,"minecraft:crafting_table":2,"minecraft:stick":16,"minecraft:wooden_pickaxe":1,"minecraft:stone_pickaxe":1,"minecraft:stone_sword":1,"minecraft:furnace":2,"minecraft:air":0},"minecraft:used":{"minecraft:stone_sword":64,"minecraft:chicken":2,"minecraft:stone_pickaxe":41,"minecraft:wooden_pickaxe":8,"minecraft:dirt":7,"minecraft:mutton":3,"minecraft:crafting_table":2,"minecraft:furnace":2,"minecraft:porkchop":1,"minecraft:egg":4,"minecraft:cooked_beef":2},"minecraft:killed":{"minecraft:sheep":2,"minecraft:skeleton":1,"minecraft:zombie":1,"minecraft:pig":1,"minecraft:chicken":6,"minecraft:spider":2,"minecraft:cow":6},"minecraft:killed_by":{"minecraft:player":1,"minecraft:skeleton":1,"minecraft:spider":2,"minecraft:zombie":2,"minecraft:enderman":1},"minecraft:picked_up":{"minecraft:feather":4,"minecraft:chicken":6,"minecraft:leather":6,"minecraft:dandelion":1,"minecraft:porkchop":1,"minecraft:oak_log":8,"minecraft:gunpowder":1,"minecraft:dirt":34,"minecraft:string":5,"minecraft:stone_sword":2,"minecraft:arrow":2,"minecraft:rotten_flesh":6,"minecraft:wheat_seeds":6,"minecraft:beef":13,"minecraft:gray_wool":1,"minecraft:mutton":3,"minecraft:coal":15,"minecraft:white_wool":1,"minecraft:cobblestone":33,"minecraft:egg":4}},"DataVersion":3955}