{"stats":{"minecraft:killed_by":{"minecraft:player":1,"minecraft:skeleton":1,"minecraft:spider":2,"minecraft:zombie":2,"minecraft:enderman":1},"minecraft:mined":{"minecraft:tuff":4,"minecraft:white_bed":3,"minecraft:deepslate_diamond_ore":5,"minecraft:oak_fence":1,"minecraft:crafting_table":5,"minecraft:granite":5,"minecraft:short_grass":31,"minecraft:grass_block":13,"minecraft:tall_grass":2,"minecraft:spruce_leaves":1,"minecraft:deepslate_gold_ore":5,"minecraft:diorite":4,"minecraft:large_fern":3,"supplementaries:urn":3,"minecraft:furnace":3,"minecraft:birch_log":8,"minecraft:iron_ore":23,"minecraft:sweet_berry_bush":1,"minecraft:birch_leaves":1,"minecraft:andesite":30,"minecraft:oak_log":26,"minecraft:coal_ore":72,"minecraft:deepslate_iron_ore":9,"minecraft:rail":1,"minecraft:gravel":8,"minecraft:dirt":55,"minecraft:cobweb":6,"minecraft:stone":361,"minecraft:oak_leaves":3,"minecraft:deepslate":53,"minecraft:fern":4},"minecraft:picked_up":{"minecraft:birch_log":8,"minecraft:crafting_table":5,"minecraft:feather":4,"minecraft:chicken":13,"minecraft:andesite":32,"minecraft:leather":10,"minecraft:potato":6,"minecraft:tuff":3,"minecraft:oak_log":25,"supplementaries:flax_seeds":3,"minecraft:gunpowder":1,"minecraft:dirt":80,"minecraft:string":21,"minecraft:wheat_seeds":7,"minecraft:cobbled_deepslate":50,"minecraft:raw_gold":5,"minecraft:beef":34,"minecraft:light_gray_wool":1,"minecraft:egg":4,"minecraft:furnace":3,"minecraft:raw_iron":31,"minecraft:torch":62,"minecraft:dandelion":1,"minecraft:gravel":8,"minecraft:porkchop":6,"minecraft:diorite":4,"minecraft:white_bed":3,"minecraft:stone_sword":2,"minecraft:arrow":2,"minecraft:rotten_flesh":11,"minecraft:diamond":5,"minecraft:granite":5,"minecraft:gray_wool":1,"minecraft:golden_horse_armor":1,"supplementaries:ash":7,"minecraft:rail":1,"minecraft:black_wool":1,"minecraft:mutton":18,"minecraft:coal":85,"minecraft:white_wool":9,"minecraft:cobblestone":355},"minecraft:killed":{"minecraft:pig":4,"minecraft:spider":3,"minecraft:sheep":12,"minecraft:skeleton":1,"minecraft:zombie":5,"minecraft:chicken":12,"minecraft:cow":16},"minecraft:broken":{"minecraft:stone_pickaxe":4,"minecraft:stone_sword":1},"minecraft:crafted":{"minecraft:cooked_beef":20,"minecraft:oak_planks":100,"minecraft:cooked_porkchop":6,"minecraft:crafting_table":4,"minecraft:wooden_pickaxe":1,"minecraft:cooked_chicken":4,"minecraft:iron_sword":1,"minecraft:furnace":3,"minecraft:stone_axe":1,"variantvanillablocks:oak_chest":3,"minecraft:cooked_mutton":9,"minecraft:air":0,"minecraft:iron_chestplate":1,"minecraft:stick":52,"minecraft:iron_ingot":16,"minecraft:iron_pickaxe":1,"minecraft:stone_pickaxe":5,"minecraft:stone_sword":1,"minecraft:white_bed":2,"minecraft:torch":28},"minecraft:custom":{"minecraft:interact_with_furnace":64,"minecraft:mob_kills":57,"minecraft:interact_with_crafting_table":30,"minecraft:leave_game":4,"minecraft:time_since_death":68527,"minecraft:sleep_in_bed":3,"minecraft:time_since_rest":39244,"minecraft:sprint_one_cm":339563,"minecraft:damage_taken":3432,"minecraft:walk_one_cm":343437,"minecraft:drop":8,"minecraft:damage_dealt":6196,"minecraft:swim_one_cm":9325,"minecraft:player_kills":1,"minecraft:fly_one_cm":507444,"minecraft:open_chest":4,"minecraft:crouch_one_cm":30546,"minecraft:play_time":107914,"minecraft:sneak_time":7172,"minecraft:deaths":12,"minecraft:walk_under_water_one_cm":4213,"minecraft:jump":2460,"minecraft:interact_with_blast_furnace":1,"minecraft:walk_on_water_one_cm":2569,"minecraft:total_world_time":107914,"minecraft:fall_one_cm":65882},"minecraft:used":{"minecraft:cooked_mutton":7,"minecraft:stone_sword":146,"variantvanillablocks:oak_chest":1,"minecraft:stone_pickaxe":551,"minecraft:wooden_pickaxe":8,"minecraft:iron_sword":59,"minecraft:torch":63,"minecraft:dirt":50,"minecraft:mutton":3,"minecraft:crafting_table":8,"minecraft:white_bed":5,"minecraft:chicken":2,"minecraft:iron_pickaxe":31,"minecraft:gravel":2,"minecraft:stone_axe":36,"minecraft:furnace":5,"minecraft:porkchop":1,"minecraft:andesite":8,"minecraft:egg":4,"minecraft:cooked_beef":6,"minecraft:cobbled_deepslate":50},"minecraft:dropped":{"minecraft:gravel":2,"minecraft:stone_sword":1,"minecraft:tuff":3,"minecraft:leather":2,"minecraft:rail":1,"supplementaries:flax_seeds":3,"supplementaries:ash":7}},"DataVersion":3955}