{"stats":{"minecraft:mined":{"minecraft:short_grass":10,"minecraft:grass_block":1,"minecraft:dirt":1,"minecraft:tall_grass":2,"minecraft:oak_fence":1},"minecraft:killed_by":{"minecraft:skeleton":1,"minecraft:spider":2,"minecraft:zombie":2,"minecraft:enderman":1},"minecraft:killed":{"minecraft:spider":2},"minecraft:picked_up":{"minecraft:rotten_flesh":4,"minecraft:stone_sword":2,"minecraft:arrow":1,"minecraft:dandelion":1,"minecraft:wheat_seeds":2,"minecraft:gunpowder":1,"minecraft:dirt":13,"minecraft:string":5},"minecraft:dropped":{"minecraft:stone_sword":1},"minecraft:custom":{"minecraft:open_chest":2,"minecraft:time_since_rest":99,"minecraft:crouch_one_cm":3678,"minecraft:damage_taken":2435,"minecraft:sprint_one_cm":74117,"minecraft:play_time":31192,"minecraft:deaths":11,"minecraft:walk_one_cm":68242,"minecraft:sneak_time":1375,"minecraft:mob_kills":2,"minecraft:drop":1,"minecraft:jump":795,"minecraft:damage_dealt":800,"minecraft:interact_with_blast_furnace":1,"minecraft:leave_game":2,"minecraft:walk_on_water_one_cm":77,"minecraft:time_since_death":0,"minecraft:total_world_time":31192,"minecraft:fall_one_cm":28926,"minecraft:fly_one_cm":207400,"minecraft:player_kills":1},"minecraft:used":{"minecraft:dirt":2,"minecraft:stone_sword":17}},"DataVersion":3955}