{"stats":{"minecraft:custom":{"minecraft:interact_with_furnace":29,"minecraft:mob_kills":19,"minecraft:interact_with_crafting_table":6,"minecraft:leave_game":3,"minecraft:time_since_death":15261,"minecraft:time_since_rest":15306,"minecraft:sprint_one_cm":144666,"minecraft:damage_taken":2940,"minecraft:walk_one_cm":193408,"minecraft:drop":1,"minecraft:damage_dealt":2291,"minecraft:fly_one_cm":330833,"minecraft:player_kills":1,"minecraft:open_chest":2,"minecraft:crouch_one_cm":5372,"minecraft:play_time":54648,"minecraft:deaths":12,"minecraft:sneak_time":1611,"minecraft:walk_under_water_one_cm":1946,"minecraft:jump":1415,"minecraft:interact_with_blast_furnace":1,"minecraft:walk_on_water_one_cm":2336,"minecraft:total_world_time":54648,"minecraft:fall_one_cm":43296},"minecraft:mined":{"minecraft:oak_fence":1,"minecraft:crafting_table":1,"minecraft:short_grass":18,"minecraft:grass_block":7,"minecraft:tall_grass":2,"minecraft:spruce_leaves":1,"minecraft:furnace":2,"minecraft:birch_log":8,"minecraft:iron_ore":2,"minecraft:birch_leaves":1,"minecraft:oak_log":26,"minecraft:coal_ore":41,"minecraft:dirt":17,"minecraft:stone":63,"minecraft:oak_leaves":3,"minecraft:fern":2},"minecraft:dropped":{"minecraft:stone_sword":1},"minecraft:crafted":{"minecraft:cooked_beef":13,"minecraft:oak_planks":32,"minecraft:crafting_table":2,"minecraft:wooden_pickaxe":1,"minecraft:cooked_chicken":4,"minecraft:furnace":2,"minecraft:stone_axe":1,"minecraft:air":0,"minecraft:stick":16,"minecraft:stone_pickaxe":1,"minecraft:stone_sword":1,"minecraft:torch":4},"minecraft:killed":{"minecraft:pig":1,"minecraft:spider":2,"minecraft:sheep":2,"minecraft:skeleton":1,"minecraft:zombie":1,"minecraft:chicken":6,"minecraft:cow":6},"minecraft:used":{"minecraft:stone_sword":64,"minecraft:stone_pickaxe":101,"minecraft:wooden_pickaxe":8,"minecraft:dirt":7,"minecraft:mutton":3,"minecraft:crafting_table":2,"minecraft:chicken":2,"minecraft:stone_axe":32,"minecraft:furnace":2,"minecraft:porkchop":1,"minecraft:egg":4,"minecraft:cooked_beef":3},"minecraft:killed_by":{"minecraft:player":1,"minecraft:skeleton":1,"minecraft:spider":2,"minecraft:zombie":2,"minecraft:enderman":1},"minecraft:picked_up":{"minecraft:birch_log":8,"minecraft:crafting_table":1,"minecraft:feather":4,"minecraft:chicken":6,"minecraft:leather":6,"minecraft:oak_log":25,"minecraft:gunpowder":1,"minecraft:string":5,"minecraft:dirt":34,"minecraft:wheat_seeds":6,"minecraft:beef":13,"minecraft:furnace":2,"minecraft:egg":4,"minecraft:raw_iron":2,"minecraft:dandelion":1,"minecraft:porkchop":1,"minecraft:stone_sword":2,"minecraft:arrow":2,"minecraft:rotten_flesh":6,"minecraft:gray_wool":1,"minecraft:mutton":3,"minecraft:coal":40,"minecraft:white_wool":1,"minecraft:cobblestone":63}},"DataVersion":3955}