{
  "variantvanillablocks:recipes/misc/crafting_table": {
    "criteria": {
      "has_the_recipe": "2024-11-27 00:41:33 +0000"
    },
    "done": true
  },
  "minecraft:recipes/decorations/crafting_table": {
    "criteria": {
      "unlock_right_away": "2024-11-27 00:41:33 +0000"
    },
    "done": true
  },
  "minecraft:adventure/distant_lands": {
    "criteria": {
      "minecraft:forest": "2024-11-27 01:00:10 +0000",
      "minecraft:taiga": "2024-11-27 00:57:55 +0000",
      "minecraft:river": "2024-11-27 00:59:47 +0000",
      "minecraft:dripstone_caves": "2024-11-27 01:06:14 +0000",
      "minecraft:plains": "2024-11-27 00:41:34 +0000"
    },
    "done": false
  },
  "minecraft:adventure/adventuring_time": {
    "criteria": {
      "minecraft:forest": "2024-11-27 01:00:10 +0000",
      "minecraft:taiga": "2024-11-27 00:57:55 +0000",
      "minecraft:river": "2024-11-27 00:59:47 +0000",
      "minecraft:dripstone_caves": "2024-11-27 01:06:14 +0000",
      "minecraft:plains": "2024-11-27 00:41:34 +0000"
    },
    "done": false
  },
  "variantvanillablocks:recipes/decorations/barrel": {
    "criteria": {
      "has_the_recipe": "2024-11-27 00:42:33 +0000"
    },
    "done": true
  },
  "minecraft:recipes/decorations/composter": {
    "criteria": {
      "has_spruce_slab": "2024-11-27 00:42:33 +0000"
    },
    "done": true
  },
  "minecraft:recipes/building_blocks/emerald_block": {
    "criteria": {
      "has_emerald": "2024-11-27 00:42:33 +0000"
    },
    "done": true
  },
  "variantvanillablocks:recipes/decorations/composter": {
    "criteria": {
      "has_the_recipe": "2024-11-27 00:42:33 +0000"
    },
    "done": true
  },
  "minecraft:recipes/decorations/barrel": {
    "criteria": {
      "has_spruce_planks": "2024-11-27 00:42:33 +0000",
      "has_spruce_slab": "2024-11-27 00:42:33 +0000"
    },
    "done": true
  },
  "minecraft:recipes/transportation/cherry_boat": {
    "criteria": {
      "in_water": "2024-11-27 00:43:01 +0000"
    },
    "done": true
  },
  "minecraft:recipes/transportation/bamboo_raft": {
    "criteria": {
      "in_water": "2024-11-27 00:43:01 +0000"
    },
    "done": true
  },
  "minecraft:recipes/transportation/spruce_boat": {
    "criteria": {
      "in_water": "2024-11-27 00:43:01 +0000"
    },
    "done": true
  },
  "minecraft:recipes/transportation/birch_boat": {
    "criteria": {
      "in_water": "2024-11-27 00:43:01 +0000"
    },
    "done": true
  },
  "minecraft:recipes/transportation/oak_boat": {
    "criteria": {
      "in_water": "2024-11-27 00:43:01 +0000"
    },
    "done": true
  },
  "minecraft:recipes/transportation/mangrove_boat": {
    "criteria": {
      "in_water": "2024-11-27 00:43:01 +0000"
    },
    "done": true
  },
  "minecraft:recipes/transportation/acacia_boat": {
    "criteria": {
      "in_water": "2024-11-27 00:43:01 +0000"
    },
    "done": true
  },
  "minecraft:recipes/transportation/jungle_boat": {
    "criteria": {
      "in_water": "2024-11-27 00:43:01 +0000"
    },
    "done": true
  },
  "minecraft:recipes/transportation/dark_oak_boat": {
    "criteria": {
      "in_water": "2024-11-27 00:43:01 +0000"
    },
    "done": true
  },
  "minecraft:recipes/misc/charcoal": {
    "criteria": {
      "has_log": "2024-11-27 00:44:34 +0000"
    },
    "done": true
  },
  "minecraft:recipes/building_blocks/oak_planks": {
    "criteria": {
      "has_logs": "2024-11-27 00:44:34 +0000"
    },
    "done": true
  },
  "minecraft:recipes/building_blocks/oak_wood": {
    "criteria": {
      "has_log": "2024-11-27 00:44:34 +0000"
    },
    "done": true
  },
  "minecraft:recipes/decorations/oak_sign": {
    "criteria": {
      "has_planks": "2024-11-27 00:44:37 +0000"
    },
    "done": true
  },
  "minecraft:recipes/redstone/oak_trapdoor": {
    "criteria": {
      "has_planks": "2024-11-27 00:44:37 +0000"
    },
    "done": true
  },
  "variantvanillablocks:recipes/decorations/oak_barrel": {
    "criteria": {
      "has_planks": "2024-11-27 00:44:37 +0000"
    },
    "done": true
  },
  "minecraft:recipes/misc/stick": {
    "criteria": {
      "has_planks": "2024-11-27 00:44:37 +0000"
    },
    "done": true
  },
  "variantvanillablocks:recipes/misc/oak_chest": {
    "criteria": {
      "has_planks": "2024-11-27 00:44:37 +0000"
    },
    "done": true
  },
  "minecraft:recipes/building_blocks/oak_stairs": {
    "criteria": {
      "has_planks": "2024-11-27 00:44:37 +0000"
    },
    "done": true
  },
  "minecraft:recipes/decorations/oak_fence": {
    "criteria": {
      "has_planks": "2024-11-27 00:44:37 +0000"
    },
    "done": true
  },
  "minecraft:recipes/redstone/oak_button": {
    "criteria": {
      "has_planks": "2024-11-27 00:44:37 +0000"
    },
    "done": true
  },
  "minecraft:recipes/chest": {
    "criteria": {
      "has_planks": "2024-11-27 00:44:37 +0000"
    },
    "done": true
  },
  "minecraft:recipes/building_blocks/oak_slab": {
    "criteria": {
      "has_planks": "2024-11-27 00:44:37 +0000"
    },
    "done": true
  },
  "minecraft:recipes/redstone/oak_fence_gate": {
    "criteria": {
      "has_planks": "2024-11-27 00:44:37 +0000"
    },
    "done": true
  },
  "minecraft:recipes/redstone/oak_pressure_plate": {
    "criteria": {
      "has_planks": "2024-11-27 00:44:37 +0000"
    },
    "done": true
  },
  "minecraft:recipes/redstone/oak_door": {
    "criteria": {
      "has_planks": "2024-11-27 00:44:37 +0000"
    },
    "done": true
  },
  "minecraft:story/root": {
    "criteria": {
      "crafting_table": "2024-11-27 00:44:42 +0000"
    },
    "done": true
  },
  "minecraft:recipes/decorations/ladder": {
    "criteria": {
      "has_stick": "2024-11-27 00:44:46 +0000"
    },
    "done": true
  },
  "minecraft:recipes/tools/wooden_axe": {
    "criteria": {
      "has_stick": "2024-11-27 00:44:46 +0000"
    },
    "done": true
  },
  "minecraft:recipes/decorations/campfire": {
    "criteria": {
      "has_stick": "2024-11-27 00:44:46 +0000"
    },
    "done": true
  },
  "minecraft:recipes/tools/wooden_hoe": {
    "criteria": {
      "has_stick": "2024-11-27 00:44:46 +0000"
    },
    "done": true
  },
  "minecraft:recipes/tools/wooden_pickaxe": {
    "criteria": {
      "has_stick": "2024-11-27 00:44:46 +0000"
    },
    "done": true
  },
  "minecraft:recipes/tools/wooden_shovel": {
    "criteria": {
      "has_stick": "2024-11-27 00:44:46 +0000"
    },
    "done": true
  },
  "minecraft:recipes/combat/wooden_sword": {
    "criteria": {
      "has_stick": "2024-11-27 00:44:46 +0000"
    },
    "done": true
  },
  "minecraft:husbandry/root": {
    "criteria": {
      "consumed_item": "2024-11-27 00:45:04 +0000"
    },
    "done": true
  },
  "minecraft:husbandry/balanced_diet": {
    "criteria": {
      "bread": "2024-11-27 00:45:04 +0000",
      "cooked_beef": "2024-11-27 01:12:08 +0000"
    },
    "done": false
  },
  "minecraft:adventure/root": {
    "criteria": {
      "killed_something": "2024-11-27 00:45:26 +0000"
    },
    "done": true
  },
  "minecraft:recipes/decorations/chest": {
    "criteria": {
      "has_lots_of_items": "2024-11-27 00:52:45 +0000"
    },
    "done": true
  },
  "minecraft:recipes/food/cooked_beef_from_smoking": {
    "criteria": {
      "has_beef": "2024-11-27 00:52:45 +0000"
    },
    "done": true
  },
  "minecraft:recipes/food/cooked_beef": {
    "criteria": {
      "has_beef": "2024-11-27 00:52:45 +0000"
    },
    "done": true
  },
  "minecraft:recipes/food/cooked_beef_from_campfire_cooking": {
    "criteria": {
      "has_beef": "2024-11-27 00:52:45 +0000"
    },
    "done": true
  },
  "minecraft:recipes/combat/leather_helmet": {
    "criteria": {
      "has_leather": "2024-11-27 00:52:54 +0000"
    },
    "done": true
  },
  "minecraft:recipes/combat/leather_leggings": {
    "criteria": {
      "has_leather": "2024-11-27 00:52:54 +0000"
    },
    "done": true
  },
  "minecraft:recipes/combat/leather_chestplate": {
    "criteria": {
      "has_leather": "2024-11-27 00:52:54 +0000"
    },
    "done": true
  },
  "minecraft:recipes/misc/leather_horse_armor": {
    "criteria": {
      "has_leather": "2024-11-27 00:52:54 +0000"
    },
    "done": true
  },
  "minecraft:recipes/decorations/item_frame": {
    "criteria": {
      "has_leather": "2024-11-27 00:52:54 +0000"
    },
    "done": true
  },
  "minecraft:recipes/combat/leather_boots": {
    "criteria": {
      "has_leather": "2024-11-27 00:52:54 +0000"
    },
    "done": true
  },
  "minecraft:recipes/food/cooked_mutton_from_smoking": {
    "criteria": {
      "has_mutton": "2024-11-27 00:53:06 +0000"
    },
    "done": true
  },
  "minecraft:recipes/decorations/painting": {
    "criteria": {
      "has_wool": "2024-11-27 00:53:06 +0000"
    },
    "done": true
  },
  "minecraft:recipes/decorations/white_carpet": {
    "criteria": {
      "has_white_wool": "2024-11-27 00:53:06 +0000"
    },
    "done": true
  },
  "minecraft:recipes/food/cooked_mutton": {
    "criteria": {
      "has_mutton": "2024-11-27 00:53:06 +0000"
    },
    "done": true
  },
  "minecraft:recipes/decorations/white_banner": {
    "criteria": {
      "has_white_wool": "2024-11-27 00:53:06 +0000"
    },
    "done": true
  },
  "minecraft:recipes/food/cooked_mutton_from_campfire_cooking": {
    "criteria": {
      "has_mutton": "2024-11-27 00:53:06 +0000"
    },
    "done": true
  },
  "minecraft:recipes/decorations/white_bed": {
    "criteria": {
      "has_white_wool": "2024-11-27 00:53:06 +0000"
    },
    "done": true
  },
  "minecraft:recipes/misc/gold_ingot_from_nuggets": {
    "criteria": {
      "has_gold_nugget": "2024-11-27 00:55:37 +0000"
    },
    "done": true
  },
  "minecraft:recipes/brewing/golden_carrot": {
    "criteria": {
      "has_gold_nugget": "2024-11-27 00:55:37 +0000"
    },
    "done": true
  },
  "minecraft:recipes/misc/gold_nugget_from_smelting": {
    "criteria": {
      "has_golden_boots": "2024-11-27 00:55:43 +0000"
    },
    "done": true
  },
  "minecraft:recipes/misc/gold_nugget_from_blasting": {
    "criteria": {
      "has_golden_boots": "2024-11-27 00:55:43 +0000"
    },
    "done": true
  },
  "minecraft:recipes/food/cake": {
    "criteria": {
      "has_egg": "2024-11-27 00:55:49 +0000"
    },
    "done": true
  },
  "minecraft:recipes/food/baked_potato_from_campfire_cooking": {
    "criteria": {
      "has_potato": "2024-11-27 00:56:02 +0000"
    },
    "done": true
  },
  "minecraft:recipes/food/baked_potato": {
    "criteria": {
      "has_potato": "2024-11-27 00:56:02 +0000"
    },
    "done": true
  },
  "minecraft:recipes/food/baked_potato_from_smoking": {
    "criteria": {
      "has_potato": "2024-11-27 00:56:02 +0000"
    },
    "done": true
  },
  "variantvanillablocks:recipes/redstone/warped_lectern": {
    "criteria": {
      "has_book": "2024-11-27 00:56:06 +0000"
    },
    "done": true
  },
  "variantvanillablocks:recipes/building_blocks/bamboo_bookshelf": {
    "criteria": {
      "has_book": "2024-11-27 00:56:06 +0000"
    },
    "done": true
  },
  "variantvanillablocks:recipes/building_blocks/bamboo_chiseled_bookshelf": {
    "criteria": {
      "has_book": "2024-11-27 00:56:06 +0000"
    },
    "done": true
  },
  "minecraft:recipes/building_blocks/bookshelf": {
    "criteria": {
      "has_book": "2024-11-27 00:56:06 +0000"
    },
    "done": true
  },
  "variantvanillablocks:recipes/redstone/spruce_lectern": {
    "criteria": {
      "has_book": "2024-11-27 00:56:06 +0000"
    },
    "done": true
  },
  "variantvanillablocks:recipes/building_blocks/crimson_bookshelf": {
    "criteria": {
      "has_book": "2024-11-27 00:56:06 +0000"
    },
    "done": true
  },
  "variantvanillablocks:recipes/building_blocks/bookshelf": {
    "criteria": {
      "has_the_recipe": "2024-11-27 00:56:06 +0000"
    },
    "done": true
  },
  "variantvanillablocks:recipes/redstone/cherry_lectern": {
    "criteria": {
      "has_book": "2024-11-27 00:56:06 +0000"
    },
    "done": true
  },
  "variantvanillablocks:recipes/building_blocks/birch_chiseled_bookshelf": {
    "criteria": {
      "has_book": "2024-11-27 00:56:06 +0000"
    },
    "done": true
  },
  "variantvanillablocks:recipes/redstone/jungle_lectern": {
    "criteria": {
      "has_book": "2024-11-27 00:56:06 +0000"
    },
    "done": true
  },
  "variantvanillablocks:recipes/redstone/crimson_lectern": {
    "criteria": {
      "has_book": "2024-11-27 00:56:06 +0000"
    },
    "done": true
  },
  "minecraft:recipes/redstone/lectern": {
    "criteria": {
      "has_book": "2024-11-27 00:56:06 +0000"
    },
    "done": true
  },
  "variantvanillablocks:recipes/redstone/mangrove_lectern": {
    "criteria": {
      "has_book": "2024-11-27 00:56:06 +0000"
    },
    "done": true
  },
  "variantvanillablocks:recipes/building_blocks/acacia_bookshelf": {
    "criteria": {
      "has_book": "2024-11-27 00:56:06 +0000"
    },
    "done": true
  },
  "minecraft:recipes/building_blocks/chiseled_bookshelf": {
    "criteria": {
      "has_book": "2024-11-27 00:56:06 +0000"
    },
    "done": true
  },
  "variantvanillablocks:recipes/building_blocks/dark_oak_bookshelf": {
    "criteria": {
      "has_book": "2024-11-27 00:56:06 +0000"
    },
    "done": true
  },
  "minecraft:recipes/misc/writable_book": {
    "criteria": {
      "has_book": "2024-11-27 00:56:06 +0000"
    },
    "done": true
  },
  "variantvanillablocks:recipes/building_blocks/birch_bookshelf": {
    "criteria": {
      "has_book": "2024-11-27 00:56:06 +0000"
    },
    "done": true
  },
  "variantvanillablocks:recipes/building_blocks/mangrove_chiseled_bookshelf": {
    "criteria": {
      "has_book": "2024-11-27 00:56:06 +0000"
    },
    "done": true
  },
  "variantvanillablocks:recipes/redstone/dark_oak_lectern": {
    "criteria": {
      "has_book": "2024-11-27 00:56:06 +0000"
    },
    "done": true
  },
  "variantvanillablocks:recipes/building_blocks/warped_bookshelf": {
    "criteria": {
      "has_book": "2024-11-27 00:56:06 +0000"
    },
    "done": true
  },
  "variantvanillablocks:recipes/redstone/lectern": {
    "criteria": {
      "has_the_recipe": "2024-11-27 00:56:06 +0000"
    },
    "done": true
  },
  "variantvanillablocks:recipes/building_blocks/dark_oak_chiseled_bookshelf": {
    "criteria": {
      "has_book": "2024-11-27 00:56:06 +0000"
    },
    "done": true
  },
  "variantvanillablocks:recipes/building_blocks/jungle_bookshelf": {
    "criteria": {
      "has_book": "2024-11-27 00:56:06 +0000"
    },
    "done": true
  },
  "variantvanillablocks:recipes/building_blocks/acacia_chiseled_bookshelf": {
    "criteria": {
      "has_book": "2024-11-27 00:56:06 +0000"
    },
    "done": true
  },
  "variantvanillablocks:recipes/building_blocks/spruce_bookshelf": {
    "criteria": {
      "has_book": "2024-11-27 00:56:06 +0000"
    },
    "done": true
  },
  "variantvanillablocks:recipes/building_blocks/cherry_chiseled_bookshelf": {
    "criteria": {
      "has_book": "2024-11-27 00:56:06 +0000"
    },
    "done": true
  },
  "variantvanillablocks:recipes/redstone/bamboo_lectern": {
    "criteria": {
      "has_book": "2024-11-27 00:56:06 +0000"
    },
    "done": true
  },
  "variantvanillablocks:recipes/building_blocks/mangrove_bookshelf": {
    "criteria": {
      "has_book": "2024-11-27 00:56:06 +0000"
    },
    "done": true
  },
  "variantvanillablocks:recipes/building_blocks/cherry_bookshelf": {
    "criteria": {
      "has_book": "2024-11-27 00:56:06 +0000"
    },
    "done": true
  },
  "variantvanillablocks:recipes/redstone/acacia_lectern": {
    "criteria": {
      "has_book": "2024-11-27 00:56:06 +0000"
    },
    "done": true
  },
  "variantvanillablocks:recipes/building_blocks/warped_chiseled_bookshelf": {
    "criteria": {
      "has_book": "2024-11-27 00:56:06 +0000"
    },
    "done": true
  },
  "variantvanillablocks:recipes/building_blocks/jungle_chiseled_bookshelf": {
    "criteria": {
      "has_book": "2024-11-27 00:56:06 +0000"
    },
    "done": true
  },
  "variantvanillablocks:recipes/redstone/birch_lectern": {
    "criteria": {
      "has_book": "2024-11-27 00:56:06 +0000"
    },
    "done": true
  },
  "variantvanillablocks:recipes/building_blocks/crimson_chiseled_bookshelf": {
    "criteria": {
      "has_book": "2024-11-27 00:56:06 +0000"
    },
    "done": true
  },
  "variantvanillablocks:recipes/building_blocks/chiseled_bookshelf": {
    "criteria": {
      "has_the_recipe": "2024-11-27 00:56:06 +0000"
    },
    "done": true
  },
  "variantvanillablocks:recipes/building_blocks/spruce_chiseled_bookshelf": {
    "criteria": {
      "has_book": "2024-11-27 00:56:06 +0000"
    },
    "done": true
  },
  "minecraft:recipes/redstone/target": {
    "criteria": {
      "has_hay_block": "2024-11-27 00:56:07 +0000"
    },
    "done": true
  },
  "minecraft:recipes/misc/wheat": {
    "criteria": {
      "has_hay_block": "2024-11-27 00:56:07 +0000"
    },
    "done": true
  },
  "minecraft:recipes/misc/pumpkin_seeds": {
    "criteria": {
      "has_pumpkin": "2024-11-27 00:56:10 +0000"
    },
    "done": true
  },
  "minecraft:recipes/food/pumpkin_pie": {
    "criteria": {
      "has_pumpkin": "2024-11-27 00:56:10 +0000"
    },
    "done": true
  },
  "minecraft:recipes/misc/lime_dye_from_smelting": {
    "criteria": {
      "has_sea_pickle": "2024-11-27 00:56:10 +0000"
    },
    "done": true
  },
  "minecraft:recipes/redstone/lever": {
    "criteria": {
      "has_cobblestone": "2024-11-27 01:03:50 +0000"
    },
    "done": true
  },
  "variantvanillablocks:recipes/decorations/oak_smithing_table": {
    "criteria": {
      "has_iron_ingot": "2024-11-27 01:09:40 +0000"
    },
    "done": true
  },
  "minecraft:recipes/combat/iron_leggings": {
    "criteria": {
      "has_iron_ingot": "2024-11-27 01:09:40 +0000"
    },
    "done": true
  },
  "variantvanillablocks:recipes/decorations/spruce_smithing_table": {
    "criteria": {
      "has_iron_ingot": "2024-11-27 01:09:40 +0000"
    },
    "done": true
  },
  "variantvanillablocks:recipes/decorations/dark_oak_smithing_table": {
    "criteria": {
      "has_iron_ingot": "2024-11-27 01:09:40 +0000"
    },
    "done": true
  },
  "variantvanillablocks:recipes/decorations/warped_smithing_table": {
    "criteria": {
      "has_iron_ingot": "2024-11-27 01:09:40 +0000"
    },
    "done": true
  },
  "minecraft:recipes/combat/iron_chestplate": {
    "criteria": {
      "has_iron_ingot": "2024-11-27 01:09:40 +0000"
    },
    "done": true
  },
  "minecraft:recipes/combat/stone_sword": {
    "criteria": {
      "has_cobblestone": "2024-11-27 01:03:50 +0000"
    },
    "done": true
  },
  "minecraft:recipes/decorations/cobblestone_wall": {
    "criteria": {
      "has_cobblestone": "2024-11-27 01:03:50 +0000"
    },
    "done": true
  },
  "variantvanillablocks:recipes/decorations/birch_smoker": {
    "criteria": {
      "has_furnace": "2024-11-27 01:05:20 +0000"
    },
    "done": true
  },
  "variantvanillablocks:recipes/decorations/birch_smithing_table": {
    "criteria": {
      "has_iron_ingot": "2024-11-27 01:09:40 +0000"
    },
    "done": true
  },
  "minecraft:recipes/tools/stone_axe": {
    "criteria": {
      "has_cobblestone": "2024-11-27 01:03:50 +0000"
    },
    "done": true
  },
  "minecraft:recipes/building_blocks/raw_iron_block": {
    "criteria": {
      "has_raw_iron": "2024-11-27 01:04:32 +0000"
    },
    "done": true
  },
  "minecraft:recipes/misc/iron_nugget": {
    "criteria": {
      "has_iron_ingot": "2024-11-27 01:09:40 +0000"
    },
    "done": true
  },
  "minecraft:recipes/misc/bucket": {
    "criteria": {
      "has_iron_ingot": "2024-11-27 01:09:40 +0000"
    },
    "done": true
  },
  "minecraft:recipes/combat/iron_helmet": {
    "criteria": {
      "has_iron_ingot": "2024-11-27 01:09:40 +0000"
    },
    "done": true
  },
  "minecraft:story/mine_stone": {
    "criteria": {
      "get_stone": "2024-11-27 01:03:50 +0000"
    },
    "done": true
  },
  "minecraft:recipes/decorations/furnace": {
    "criteria": {
      "has_cobblestone": "2024-11-27 01:03:50 +0000"
    },
    "done": true
  },
  "minecraft:recipes/transportation/minecart": {
    "criteria": {
      "has_iron_ingot": "2024-11-27 01:09:40 +0000"
    },
    "done": true
  },
  "minecraft:recipes/tools/iron_hoe": {
    "criteria": {
      "has_iron_ingot": "2024-11-27 01:09:40 +0000"
    },
    "done": true
  },
  "variantvanillablocks:recipes/decorations/mangrove_smoker": {
    "criteria": {
      "has_furnace": "2024-11-27 01:05:20 +0000"
    },
    "done": true
  },
  "variantvanillablocks:recipes/decorations/bamboo_smithing_table": {
    "criteria": {
      "has_iron_ingot": "2024-11-27 01:09:40 +0000"
    },
    "done": true
  },
  "minecraft:story/smelt_iron": {
    "criteria": {
      "iron": "2024-11-27 01:09:40 +0000"
    },
    "done": true
  },
  "minecraft:recipes/decorations/smoker": {
    "criteria": {
      "has_furnace": "2024-11-27 01:05:20 +0000"
    },
    "done": true
  },
  "minecraft:recipes/tools/shears": {
    "criteria": {
      "has_iron_ingot": "2024-11-27 01:09:40 +0000"
    },
    "done": true
  },
  "minecraft:recipes/building_blocks/cobblestone_slab_from_cobblestone_stonecutting": {
    "criteria": {
      "has_cobblestone": "2024-11-27 01:03:50 +0000"
    },
    "done": true
  },
  "variantvanillablocks:recipes/decorations/warped_smoker": {
    "criteria": {
      "has_furnace": "2024-11-27 01:05:20 +0000"
    },
    "done": true
  },
  "minecraft:adventure/kill_all_mobs": {
    "criteria": {
      "minecraft:skeleton": "2024-11-27 01:02:38 +0000",
      "minecraft:zombie": "2024-11-27 01:02:54 +0000"
    },
    "done": false
  },
  "variantvanillablocks:recipes/decorations/jungle_smithing_table": {
    "criteria": {
      "has_iron_ingot": "2024-11-27 01:09:40 +0000"
    },
    "done": true
  },
  "minecraft:recipes/decorations/chain": {
    "criteria": {
      "has_iron_nugget": "2024-11-27 00:57:34 +0000"
    },
    "done": true
  },
  "minecraft:recipes/building_blocks/iron_block": {
    "criteria": {
      "has_iron_ingot": "2024-11-27 01:09:40 +0000"
    },
    "done": true
  },
  "minecraft:recipes/building_blocks/stone": {
    "criteria": {
      "has_cobblestone": "2024-11-27 01:03:50 +0000"
    },
    "done": true
  },
  "minecraft:recipes/decorations/smithing_table": {
    "criteria": {
      "has_iron_ingot": "2024-11-27 01:09:40 +0000"
    },
    "done": true
  },
  "variantvanillablocks:recipes/decorations/acacia_smoker": {
    "criteria": {
      "has_furnace": "2024-11-27 01:05:20 +0000"
    },
    "done": true
  },
  "minecraft:recipes/building_blocks/coal_block": {
    "criteria": {
      "has_coal": "2024-11-27 01:07:23 +0000"
    },
    "done": true
  },
  "variantvanillablocks:recipes/redstone/hopper": {
    "criteria": {
      "has_iron_ingot": "2024-11-27 01:09:40 +0000"
    },
    "done": true
  },
  "variantvanillablocks:recipes/decorations/jungle_smoker": {
    "criteria": {
      "has_furnace": "2024-11-27 01:05:20 +0000"
    },
    "done": true
  },
  "minecraft:recipes/combat/iron_sword": {
    "criteria": {
      "has_iron_ingot": "2024-11-27 01:09:40 +0000"
    },
    "done": true
  },
  "minecraft:recipes/tools/iron_pickaxe": {
    "criteria": {
      "has_iron_ingot": "2024-11-27 01:09:40 +0000"
    },
    "done": true
  },
  "minecraft:recipes/decorations/torch": {
    "criteria": {
      "has_stone_pickaxe": "2024-11-27 01:04:20 +0000"
    },
    "done": true
  },
  "minecraft:recipes/combat/shield": {
    "criteria": {
      "has_iron_ingot": "2024-11-27 01:09:40 +0000"
    },
    "done": true
  },
  "minecraft:recipes/redstone/hopper": {
    "criteria": {
      "has_iron_ingot": "2024-11-27 01:09:40 +0000"
    },
    "done": true
  },
  "minecraft:recipes/decorations/iron_bars": {
    "criteria": {
      "has_iron_ingot": "2024-11-27 01:09:40 +0000"
    },
    "done": true
  },
  "variantvanillablocks:recipes/decorations/smoker": {
    "criteria": {
      "has_the_recipe": "2024-11-27 01:05:20 +0000"
    },
    "done": true
  },
  "minecraft:recipes/combat/iron_boots": {
    "criteria": {
      "has_iron_ingot": "2024-11-27 01:09:40 +0000"
    },
    "done": true
  },
  "minecraft:recipes/misc/iron_ingot_from_smelting_raw_iron": {
    "criteria": {
      "has_raw_iron": "2024-11-27 01:04:32 +0000"
    },
    "done": true
  },
  "minecraft:recipes/tools/stone_pickaxe": {
    "criteria": {
      "has_cobblestone": "2024-11-27 01:03:50 +0000"
    },
    "done": true
  },
  "minecraft:recipes/decorations/lantern": {
    "criteria": {
      "has_iron_nugget": "2024-11-27 00:57:34 +0000"
    },
    "done": true
  },
  "variantvanillablocks:recipes/decorations/dark_oak_smoker": {
    "criteria": {
      "has_furnace": "2024-11-27 01:05:20 +0000"
    },
    "done": true
  },
  "minecraft:recipes/tools/flint_and_steel": {
    "criteria": {
      "has_obsidian": "2024-11-27 01:11:33 +0000"
    },
    "done": true
  },
  "minecraft:recipes/tools/iron_shovel": {
    "criteria": {
      "has_iron_ingot": "2024-11-27 01:09:40 +0000"
    },
    "done": true
  },
  "variantvanillablocks:recipes/decorations/acacia_smithing_table": {
    "criteria": {
      "has_iron_ingot": "2024-11-27 01:09:40 +0000"
    },
    "done": true
  },
  "minecraft:story/upgrade_tools": {
    "criteria": {
      "stone_pickaxe": "2024-11-27 01:04:20 +0000"
    },
    "done": true
  },
  "minecraft:story/form_obsidian": {
    "criteria": {
      "obsidian": "2024-11-27 01:11:33 +0000"
    },
    "done": true
  },
  "variantvanillablocks:recipes/decorations/cherry_smoker": {
    "criteria": {
      "has_furnace": "2024-11-27 01:05:20 +0000"
    },
    "done": true
  },
  "minecraft:recipes/building_blocks/cobblestone_slab": {
    "criteria": {
      "has_cobblestone": "2024-11-27 01:03:50 +0000"
    },
    "done": true
  },
  "minecraft:recipes/redstone/iron_trapdoor": {
    "criteria": {
      "has_iron_ingot": "2024-11-27 01:09:40 +0000"
    },
    "done": true
  },
  "minecraft:recipes/misc/iron_ingot_from_blasting_raw_iron": {
    "criteria": {
      "has_raw_iron": "2024-11-27 01:04:32 +0000"
    },
    "done": true
  },
  "minecraft:recipes/tools/iron_axe": {
    "criteria": {
      "has_iron_ingot": "2024-11-27 01:09:40 +0000"
    },
    "done": true
  },
  "minecraft:recipes/combat/crossbow": {
    "criteria": {
      "has_iron_ingot": "2024-11-27 01:09:40 +0000"
    },
    "done": true
  },
  "variantvanillablocks:recipes/decorations/crimson_smoker": {
    "criteria": {
      "has_furnace": "2024-11-27 01:05:20 +0000"
    },
    "done": true
  },
  "minecraft:adventure/kill_a_mob": {
    "criteria": {
      "minecraft:skeleton": "2024-11-27 01:02:38 +0000"
    },
    "done": true
  },
  "minecraft:recipes/decorations/cobblestone_wall_from_cobblestone_stonecutting": {
    "criteria": {
      "has_cobblestone": "2024-11-27 01:03:50 +0000"
    },
    "done": true
  },
  "variantvanillablocks:recipes/decorations/cherry_smithing_table": {
    "criteria": {
      "has_iron_ingot": "2024-11-27 01:09:40 +0000"
    },
    "done": true
  },
  "variantvanillablocks:recipes/decorations/bamboo_smoker": {
    "criteria": {
      "has_furnace": "2024-11-27 01:05:20 +0000"
    },
    "done": true
  },
  "minecraft:recipes/building_blocks/cobblestone_stairs_from_cobblestone_stonecutting": {
    "criteria": {
      "has_cobblestone": "2024-11-27 01:03:50 +0000"
    },
    "done": true
  },
  "minecraft:recipes/building_blocks/cobblestone_stairs": {
    "criteria": {
      "has_cobblestone": "2024-11-27 01:03:50 +0000"
    },
    "done": true
  },
  "minecraft:recipes/decorations/enchanting_table": {
    "criteria": {
      "has_obsidian": "2024-11-27 01:11:33 +0000"
    },
    "done": true
  },
  "minecraft:recipes/tools/stone_hoe": {
    "criteria": {
      "has_cobblestone": "2024-11-27 01:03:50 +0000"
    },
    "done": true
  },
  "variantvanillablocks:recipes/decorations/smithing_table": {
    "criteria": {
      "has_the_recipe": "2024-11-27 01:09:40 +0000"
    },
    "done": true
  },
  "variantvanillablocks:recipes/decorations/crimson_smithing_table": {
    "criteria": {
      "has_iron_ingot": "2024-11-27 01:09:40 +0000"
    },
    "done": true
  },
  "minecraft:recipes/tools/stone_shovel": {
    "criteria": {
      "has_cobblestone": "2024-11-27 01:03:50 +0000"
    },
    "done": true
  },
  "variantvanillablocks:recipes/decorations/spruce_smoker": {
    "criteria": {
      "has_furnace": "2024-11-27 01:05:20 +0000"
    },
    "done": true
  },
  "minecraft:recipes/redstone/iron_door": {
    "criteria": {
      "has_iron_ingot": "2024-11-27 01:09:40 +0000"
    },
    "done": true
  },
  "minecraft:recipes/misc/iron_ingot_from_nuggets": {
    "criteria": {
      "has_iron_nugget": "2024-11-27 00:57:34 +0000"
    },
    "done": true
  },
  "minecraft:recipes/redstone/heavy_weighted_pressure_plate": {
    "criteria": {
      "has_iron_ingot": "2024-11-27 01:09:40 +0000"
    },
    "done": true
  },
  "DataVersion": 3955
}